scheme,fold,view,features,model,control,seed,n_train,n_test,chance,noise_band,balanced_accuracy,accuracy,macro_f1,nll,brier,ece,ece_adaptive,classes_present,above_chance,recall_CA1,recall_DG,recall_VIS,recall_CA3,recall_CA2
loso_allen,719161530_probeA,4class,bandpower_full,constant,model,0,35100,5200,0.3333333333333333,0.02154269734821195,0.3333333333333333,0.4423076923076923,0.20444444444444443,1.196743314077476,0.6649174925528204,0.010683760683760701,0.010683760683760701,CA1|DG|VIS,0.0,0.0,0.0,1.0,,
loso_allen,719161530_probeA,4class,bandpower_full,constant,permuted,0,35100,5200,0.3333333333333333,0.02154269734821195,0.3333333333333333,0.4423076923076923,0.20444444444444443,1.196743314077476,0.6649174925528204,0.010683760683760701,0.010683760683760701,CA1|DG|VIS,0.0,0.0,0.0,1.0,,
loso_allen,719161530_probeB,4class,bandpower_full,constant,model,0,34600,5400,0.3333333333333333,0.02076286784374165,0.3333333333333333,0.4074074074074074,0.1929824561403509,1.1753981551342023,0.6727037940409587,0.05791051166773725,0.05791051166773725,CA1|DG|VIS,0.0,0.0,0.0,1.0,,
loso_allen,719161530_probeB,4class,bandpower_full,constant,permuted,0,34600,5400,0.3333333333333333,0.02076286784374165,0.3333333333333333,0.4074074074074074,0.1929824561403509,1.1753981551342023,0.6727037940409587,0.05791051166773725,0.05791051166773725,CA1|DG|VIS,0.0,0.0,0.0,1.0,,
loso_allen,719161530_probeC,4class,bandpower_full,constant,model,0,36000,2900,0.5,0.03254617099987719,0.5,0.7586206896551724,0.43137254901960786,1.0572246293071221,0.5859237973605791,0.3197318007662833,0.3197318007662833,DG|VIS,0.0,,0.0,1.0,,
loso_allen,719161530_probeC,4class,bandpower_full,constant,permuted,0,36000,2900,0.5,0.03254617099987719,0.5,0.7586206896551724,0.43137254901960786,1.0572246293071221,0.5859237973605791,0.3197318007662833,0.3197318007662833,DG|VIS,0.0,,0.0,1.0,,
loso_allen,719161530_probeF,4class,bandpower_full,constant,model,0,36600,4100,0.3333333333333333,0.029950940277884627,0.3333333333333333,0.4878048780487805,0.2185792349726776,1.034578853194063,0.6068727336023696,0.04518192722910841,0.04518192722910841,CA1|DG|VIS,0.0,0.0,0.0,1.0,,
loso_allen,719161530_probeF,4class,bandpower_full,constant,permuted,0,36600,4100,0.3333333333333333,0.029950940277884627,0.3333333333333333,0.4878048780487805,0.2185792349726776,1.034578853194063,0.6068727336023696,0.04518192722910841,0.04518192722910841,CA1|DG|VIS,0.0,0.0,0.0,1.0,,
loso_allen,798911424_probeA,4class,bandpower_full,constant,model,0,32800,5300,0.3333333333333333,0.022039637339010088,0.3333333333333333,0.4528301886792453,0.20779220779220778,1.089858947604099,0.6434971743010113,0.022779567418315716,0.022779567418315716,CA1|DG|VIS,0.0,0.0,0.0,1.0,,
loso_allen,798911424_probeA,4class,bandpower_full,constant,permuted,0,32800,5300,0.3333333333333333,0.022039637339010088,0.3333333333333333,0.4528301886792453,0.20779220779220778,1.089858947604099,0.6434971743010113,0.022779567418315716,0.022779567418315716,CA1|DG|VIS,0.0,0.0,0.0,1.0,,
loso_allen,798911424_probeB,4class,bandpower_full,constant,model,0,35800,5700,0.3333333333333333,0.019989599196949003,0.3333333333333333,0.38596491228070173,0.18565400843881855,1.2601712423993434,0.7009905619828104,0.0637557581103596,0.0637557581103596,CA1|DG|VIS,0.0,0.0,0.0,1.0,,
loso_allen,798911424_probeB,4class,bandpower_full,constant,permuted,0,35800,5700,0.3333333333333333,0.019989599196949003,0.3333333333333333,0.38596491228070173,0.18565400843881855,1.2601712423993434,0.7009905619828104,0.0637557581103596,0.0637557581103596,CA1|DG|VIS,0.0,0.0,0.0,1.0,,
loso_allen,798911424_probeC,4class,bandpower_full,constant,model,0,37600,3800,0.5,0.024891067019943206,0.5,0.6052631578947368,0.3770491803278688,1.2176024379147685,0.677373216030116,0.18505039193728984,0.18505039193728984,DG|VIS,0.0,,0.0,1.0,,
loso_allen,798911424_probeC,4class,bandpower_full,constant,permuted,0,37600,3800,0.5,0.024891067019943206,0.5,0.6052631578947368,0.3770491803278688,1.2176024379147685,0.677373216030116,0.18505039193728984,0.18505039193728984,DG|VIS,0.0,,0.0,1.0,,
loso_allen,798911424_probeD,4class,bandpower_full,constant,model,0,32900,5500,0.3333333333333333,0.026463569540417495,0.3333333333333333,0.43636363636363634,0.20253164556962025,1.1896133617902864,0.6545995426031641,0.0408400110527769,0.0408400110527769,CA1|CA3|VIS,0.0,0.0,,1.0,0.0,
loso_allen,798911424_probeD,4class,bandpower_full,constant,permuted,0,32900,5500,0.3333333333333333,0.026463569540417495,0.3333333333333333,0.43636363636363634,0.20253164556962025,1.1896133617902864,0.6545995426031641,0.0408400110527769,0.0408400110527769,CA1|CA3|VIS,0.0,0.0,,1.0,0.0,
loso_allen,798911424_probeE,4class,bandpower_full,constant,model,0,32400,6200,0.3333333333333333,0.019112158421861567,0.3333333333333333,0.3709677419354839,0.1803921568627451,9.155515432585975,0.8322830164559887,0.11051373954599769,0.11051373954599769,CA1|CA3|VIS,0.0,0.0,,1.0,0.0,
loso_allen,798911424_probeE,4class,bandpower_full,constant,permuted,0,32400,6200,0.3333333333333333,0.019112158421861567,0.3333333333333333,0.3709677419354839,0.1803921568627451,9.155515432585975,0.8322830164559887,0.11051373954599769,0.11051373954599769,CA1|CA3|VIS,0.0,0.0,,1.0,0.0,
loso_allen,798911424_probeF,4class,bandpower_full,constant,model,0,34500,5700,0.25,0.021875,0.25,0.42105263157894735,0.14814814814814814,1.3691203151566467,0.7175821090217667,0.03981693363844413,0.03981693363844413,CA1|CA3|DG|VIS,0.0,0.0,0.0,1.0,0.0,
loso_allen,798911424_probeF,4class,bandpower_full,constant,permuted,0,34500,5700,0.25,0.021875,0.25,0.42105263157894735,0.14814814814814814,1.3691203151566467,0.7175821090217667,0.03981693363844413,0.03981693363844413,CA1|CA3|DG|VIS,0.0,0.0,0.0,1.0,0.0,
loso_allen,719161530_probeA,5class,bandpower_full,constant,model,0,35500,5200,0.3333333333333333,0.02154269734821195,0.3333333333333333,0.4423076923076923,0.20444444444444443,1.2080748800870256,0.6650515007706042,0.005579631635969695,0.005579631635969695,CA1|DG|VIS,0.0,0.0,0.0,1.0,,
loso_allen,719161530_probeA,5class,bandpower_full,constant,permuted,0,35500,5200,0.3333333333333333,0.02154269734821195,0.3333333333333333,0.4423076923076923,0.20444444444444443,1.2080748800870256,0.6650515007706042,0.005579631635969695,0.005579631635969695,CA1|DG|VIS,0.0,0.0,0.0,1.0,,
loso_allen,719161530_probeB,5class,bandpower_full,constant,model,0,35000,5400,0.3333333333333333,0.02076286784374165,0.3333333333333333,0.4074074074074074,0.1929824561403509,1.1868925345599373,0.6727794406651549,0.052592592592592635,0.052592592592592635,CA1|DG|VIS,0.0,0.0,0.0,1.0,,
loso_allen,719161530_probeB,5class,bandpower_full,constant,permuted,0,35000,5400,0.3333333333333333,0.02076286784374165,0.3333333333333333,0.4074074074074074,0.1929824561403509,1.1868925345599373,0.6727794406651549,0.052592592592592635,0.052592592592592635,CA1|DG|VIS,0.0,0.0,0.0,1.0,,
loso_allen,719161530_probeC,5class,bandpower_full,constant,model,0,36400,2900,0.5,0.03254617099987719,0.5,0.7586206896551724,0.43137254901960786,1.0682744654937073,0.5869834977451499,0.32455475558923813,0.32455475558923813,DG|VIS,0.0,,0.0,1.0,,
loso_allen,719161530_probeC,5class,bandpower_full,constant,permuted,0,36400,2900,0.5,0.03254617099987719,0.5,0.7586206896551724,0.43137254901960786,1.0682744654937073,0.5869834977451499,0.32455475558923813,0.32455475558923813,DG|VIS,0.0,,0.0,1.0,,
loso_allen,719161530_probeF,5class,bandpower_full,constant,model,0,36800,4100,0.3333333333333333,0.029950940277884627,0.3333333333333333,0.4878048780487805,0.2185792349726776,1.040028457961628,0.6072144866061135,0.047587486744432805,0.047587486744432805,CA1|DG|VIS,0.0,0.0,0.0,1.0,,
loso_allen,719161530_probeF,5class,bandpower_full,constant,permuted,0,36800,4100,0.3333333333333333,0.029950940277884627,0.3333333333333333,0.4878048780487805,0.2185792349726776,1.040028457961628,0.6072144866061135,0.047587486744432805,0.047587486744432805,CA1|DG|VIS,0.0,0.0,0.0,1.0,,
loso_allen,798911424_probeA,5class,bandpower_full,constant,model,0,32800,5300,0.3333333333333333,0.022039637339010088,0.3333333333333333,0.4528301886792453,0.20779220779220778,1.089858947604099,0.6434971743010113,0.022779567418315716,0.022779567418315716,CA1|DG|VIS,0.0,0.0,0.0,1.0,,
loso_allen,798911424_probeA,5class,bandpower_full,constant,permuted,0,32800,5300,0.3333333333333333,0.022039637339010088,0.3333333333333333,0.4528301886792453,0.20779220779220778,1.089858947604099,0.6434971743010113,0.022779567418315716,0.022779567418315716,CA1|DG|VIS,0.0,0.0,0.0,1.0,,
loso_allen,798911424_probeB,5class,bandpower_full,constant,model,0,36200,5700,0.3333333333333333,0.019989599196949003,0.3333333333333333,0.38596491228070173,0.18565400843881855,1.2712824678244141,0.7007813633776147,0.05878646893476791,0.05878646893476791,CA1|DG|VIS,0.0,0.0,0.0,1.0,,
loso_allen,798911424_probeB,5class,bandpower_full,constant,permuted,0,36200,5700,0.3333333333333333,0.019989599196949003,0.3333333333333333,0.38596491228070173,0.18565400843881855,1.2712824678244141,0.7007813633776147,0.05878646893476791,0.05878646893476791,CA1|DG|VIS,0.0,0.0,0.0,1.0,,
loso_allen,798911424_probeC,5class,bandpower_full,constant,model,0,37800,3800,0.5,0.024891067019943206,0.5,0.6052631578947368,0.3770491803278688,1.2229074901444617,0.677410752041774,0.18727373990531893,0.18727373990531893,DG|VIS,0.0,,0.0,1.0,,
loso_allen,798911424_probeC,5class,bandpower_full,constant,permuted,0,37800,3800,0.5,0.024891067019943206,0.5,0.6052631578947368,0.3770491803278688,1.2229074901444617,0.677410752041774,0.18727373990531893,0.18727373990531893,DG|VIS,0.0,,0.0,1.0,,
loso_allen,798911424_probeD,5class,bandpower_full,constant,model,0,33100,5700,0.25,0.03312182495668888,0.25,0.42105263157894735,0.14814814814814814,1.3329826603814563,0.6782497357476257,0.05326761011289566,0.05326761011289566,CA1|CA2|CA3|VIS,0.0,0.0,,1.0,0.0,0.0
loso_allen,798911424_probeD,5class,bandpower_full,constant,permuted,0,33100,5700,0.25,0.03312182495668888,0.25,0.42105263157894735,0.14814814814814814,1.3329826603814563,0.6782497357476257,0.05326761011289566,0.05326761011289566,CA1|CA2|CA3|VIS,0.0,0.0,,1.0,0.0,0.0
loso_allen,798911424_probeE,5class,bandpower_full,constant,model,0,32400,6400,0.25,0.030142859224741154,0.25,0.359375,0.13218390804597702,9.73287498519043,0.848984529797287,0.12210648148148151,0.12210648148148151,CA1|CA2|CA3|VIS,0.0,0.0,,1.0,0.0,0.0
loso_allen,798911424_probeE,5class,bandpower_full,constant,permuted,0,32400,6400,0.25,0.030142859224741154,0.25,0.359375,0.13218390804597702,9.73287498519043,0.848984529797287,0.12210648148148151,0.12210648148148151,CA1|CA2|CA3|VIS,0.0,0.0,,1.0,0.0,0.0
loso_allen,798911424_probeF,5class,bandpower_full,constant,model,0,34700,5700,0.25,0.021875,0.25,0.42105263157894735,0.14814814814814814,1.374900678072146,0.7173302456117038,0.037160624905202555,0.037160624905202555,CA1|CA3|DG|VIS,0.0,0.0,0.0,1.0,0.0,
loso_allen,798911424_probeF,5class,bandpower_full,constant,permuted,0,34700,5700,0.25,0.021875,0.25,0.42105263157894735,0.14814814814814814,1.374900678072146,0.7173302456117038,0.037160624905202555,0.037160624905202555,CA1|CA3|DG|VIS,0.0,0.0,0.0,1.0,0.0,
loso_allen,719161530_probeA,4class,bandpower_full,logreg,model,0,35100,5200,0.3333333333333333,0.02154269734821195,0.6533006535947713,0.6725,0.6584676411202358,0.8279999285855199,0.44718881258972487,0.06389131403507076,0.06379192688908844,CA1|DG|VIS,0.319967320261438,0.7282352941176471,0.5216666666666666,0.71,,
loso_allen,719161530_probeA,4class,bandpower_full,logreg,permuted,0,35100,5200,0.3333333333333333,0.02154269734821195,0.3333333333333333,0.4423076923076923,0.20444444444444443,1.2031990876706875,0.6686898792947168,0.015759299275222058,0.13090229212170976,CA1|DG|VIS,0.0,0.0,0.0,1.0,,
loso_allen,719161530_probeB,4class,bandpower_full,logreg,model,0,34600,5400,0.3333333333333333,0.02076286784374165,0.7002837902837903,0.7211111111111111,0.7094496352098796,0.6973531755459429,0.37862004609929284,0.09066498092200352,0.09139811222292275,CA1|DG|VIS,0.36695045695045697,0.6111111111111112,0.6042857142857143,0.8854545454545455,,
loso_allen,719161530_probeB,4class,bandpower_full,logreg,permuted,0,34600,5400,0.3333333333333333,0.02076286784374165,0.3333333333333333,0.4074074074074074,0.1929824561403509,1.1723799482314419,0.6709268291477798,0.13115378374000042,0.1558129028103917,CA1|DG|VIS,0.0,0.0,0.0,1.0,,
loso_allen,719161530_probeC,4class,bandpower_full,logreg,model,0,36000,2900,0.5,0.03254617099987719,0.5751948051948051,0.7906896551724137,0.6147248193913772,0.5351396344776872,0.26848565593209966,0.11014160408077663,0.1104207596545576,DG|VIS,0.07519480519480515,,0.15857142857142856,0.9918181818181818,,
loso_allen,719161530_probeC,4class,bandpower_full,logreg,permuted,0,36000,2900,0.5,0.03254617099987719,0.5,0.7586206896551724,0.43137254901960786,1.0690708474421484,0.5938206022504301,0.3235678426268162,0.42159088265404754,DG|VIS,0.0,,0.0,1.0,,
loso_allen,719161530_probeF,4class,bandpower_full,logreg,model,0,36600,4100,0.3333333333333333,0.029950940277884627,0.7884215686274509,0.7648780487804878,0.717042058749148,0.6185306118927713,0.3400925525857334,0.08430140505456031,0.08430140505456028,CA1|DG|VIS,0.4550882352941176,0.6217647058823529,0.88,0.8635,,
loso_allen,719161530_probeF,4class,bandpower_full,logreg,permuted,0,36600,4100,0.3333333333333333,0.029950940277884627,0.3333333333333333,0.4878048780487805,0.2185792349726776,1.0385869493036024,0.6086080668301821,0.045545676226414034,0.08079092090711046,CA1|DG|VIS,0.0,0.0,0.0,1.0,,
loso_allen,798911424_probeA,4class,bandpower_full,logreg,model,0,32800,5300,0.3333333333333333,0.022039637339010088,0.6178918128654971,0.6475471698113208,0.6139434748800925,0.8900119609450273,0.4710020393476995,0.04086017096340608,0.0401766223865402,CA1|DG|VIS,0.2845584795321638,0.5468421052631579,0.531,0.7758333333333334,,
loso_allen,798911424_probeA,4class,bandpower_full,logreg,permuted,0,32800,5300,0.3333333333333333,0.022039637339010088,0.3333333333333333,0.4528301886792453,0.20779220779220778,1.0896022630489952,0.6428910577581394,0.023792939201514013,0.049848551827360255,CA1|DG|VIS,0.0,0.0,0.0,1.0,,
loso_allen,798911424_probeB,4class,bandpower_full,logreg,model,0,35800,5700,0.3333333333333333,0.019989599196949003,0.5802346999405823,0.5833333333333334,0.5820361028859616,1.0700895687656322,0.5693019394822353,0.0639935412318201,0.06372548678169573,CA1|DG|VIS,0.24690136660724898,0.5966666666666667,0.5317647058823529,0.6122727272727273,,
loso_allen,798911424_probeB,4class,bandpower_full,logreg,permuted,0,35800,5700,0.3333333333333333,0.019989599196949003,0.3333333333333333,0.38596491228070173,0.18565400843881855,1.2642393089522288,0.7036611938495979,0.06557962735841216,0.15855474949774911,CA1|DG|VIS,0.0,0.0,0.0,1.0,,
loso_allen,798911424_probeC,4class,bandpower_full,logreg,model,0,37600,3800,0.5,0.024891067019943206,0.6388115942028986,0.6868421052631579,0.6783463756908429,0.9150753612504899,0.45507513918154063,0.05973998299710406,0.05960179679753183,DG|VIS,0.13881159420289857,,0.4106666666666667,0.8669565217391304,,
loso_allen,798911424_probeC,4class,bandpower_full,logreg,permuted,0,37600,3800,0.5,0.024891067019943206,0.5,0.6052631578947368,0.3770491803278688,1.227391408419181,0.6809304409488189,0.18498713886475254,0.18498713886475254,DG|VIS,0.0,,0.0,1.0,,
loso_allen,798911424_probeD,4class,bandpower_full,logreg,model,0,32900,5500,0.3333333333333333,0.026463569540417495,0.4057371794871795,0.5405454545454546,0.35306337711617725,1.1913904212776525,0.6462305780716602,0.18514751869866644,0.1851475186986664,CA1|CA3|VIS,0.07240384615384621,0.25846153846153846,,0.95875,0.0,
loso_allen,798911424_probeD,4class,bandpower_full,logreg,permuted,0,32900,5500,0.3333333333333333,0.026463569540417495,0.3333333333333333,0.43636363636363634,0.20253164556962025,1.1904236191720294,0.6553303457567803,0.04549111495383206,0.14148477663950912,CA1|CA3|VIS,0.0,0.0,,1.0,0.0,
loso_allen,798911424_probeE,4class,bandpower_full,logreg,model,0,32400,6200,0.3333333333333333,0.019112158421861567,0.504304347826087,0.5341935483870968,0.4439099004266039,8.924842404241629,0.7016918668829314,0.20883390461701062,0.20883390461701057,CA1|CA3|VIS,0.1709710144927537,0.559,,0.9539130434782609,0.0,
loso_allen,798911424_probeE,4class,bandpower_full,logreg,permuted,0,32400,6200,0.3333333333333333,0.019112158421861567,0.3333333333333333,0.3709677419354839,0.1803921568627451,9.158882761508854,0.8339683616465073,0.10829065855777835,0.10829065855777838,CA1|CA3|VIS,0.0,0.0,,1.0,0.0,
loso_allen,798911424_probeF,4class,bandpower_full,logreg,model,0,34500,5700,0.25,0.021875,0.4317708333333333,0.578421052631579,0.39298843668335626,1.077440211069681,0.5459620320023254,0.11056435823719335,0.11105486343505307,CA1|CA3|DG|VIS,0.18177083333333333,0.665,0.1975,0.8645833333333334,0.0,
loso_allen,798911424_probeF,4class,bandpower_full,logreg,permuted,0,34500,5700,0.25,0.021875,0.25,0.42105263157894735,0.14814814814814814,1.3739361929053084,0.7176481744670513,0.040787593265694484,0.05920225244517714,CA1|CA3|DG|VIS,0.0,0.0,0.0,1.0,0.0,
loso_allen,719161530_probeA,5class,bandpower_full,logreg,model,0,35500,5200,0.3333333333333333,0.02154269734821195,0.6536786018755328,0.6725,0.6587263442797843,0.8369676894790392,0.4479243325898635,0.06823341058189979,0.0682334105818998,CA1|DG|VIS,0.3203452685421995,0.7264705882352941,0.525,0.7095652173913043,,
loso_allen,719161530_probeA,5class,bandpower_full,logreg,permuted,0,35500,5200,0.3333333333333333,0.02154269734821195,0.3333333333333333,0.4423076923076923,0.20444444444444443,1.2109668307614634,0.66733020492507,0.0077438625435745645,0.1747736497018447,CA1|DG|VIS,0.0,0.0,0.0,1.0,,
loso_allen,719161530_probeB,5class,bandpower_full,logreg,model,0,35000,5400,0.3333333333333333,0.02076286784374165,0.7007792207792208,0.7214814814814815,0.7098418896128128,0.7036224110158827,0.379596488989862,0.09392873663441861,0.09346710111844055,CA1|DG|VIS,0.3674458874458875,0.61,0.6064285714285714,0.8859090909090909,,
loso_allen,719161530_probeB,5class,bandpower_full,logreg,permuted,0,35000,5400,0.3333333333333333,0.02076286784374165,0.3333333333333333,0.4074074074074074,0.1929824561403509,1.1929027677837445,0.6762216934733216,0.11587515701623194,0.12553394385013716,CA1|DG|VIS,0.0,0.0,0.0,1.0,,
loso_allen,719161530_probeC,5class,bandpower_full,logreg,model,0,36400,2900,0.5,0.03254617099987719,0.5766233766233766,0.7913793103448276,0.6168093049255412,0.5355030715835856,0.26769726577893077,0.11124180090168553,0.109810859548746,DG|VIS,0.0766233766233766,,0.16142857142857142,0.9918181818181818,,
loso_allen,719161530_probeC,5class,bandpower_full,logreg,permuted,0,36400,2900,0.5,0.03254617099987719,0.5,0.7586206896551724,0.43137254901960786,1.065717069299072,0.5838900994343447,0.32191154144698664,0.32191154144698664,DG|VIS,0.0,,0.0,1.0,,
loso_allen,719161530_probeF,5class,bandpower_full,logreg,model,0,36800,4100,0.3333333333333333,0.029950940277884627,0.7905294117647058,0.7651219512195122,0.7178300763253741,0.6213396275222769,0.34050236499850334,0.0852936567267611,0.08529365672676109,CA1|DG|VIS,0.4571960784313725,0.6205882352941177,0.8875,0.8635,,
loso_allen,719161530_probeF,5class,bandpower_full,logreg,permuted,0,36800,4100,0.3333333333333333,0.029950940277884627,0.3333333333333333,0.4878048780487805,0.2185792349726776,1.0479832157318945,0.612062210513043,0.045671099468436234,0.2668233948784025,CA1|DG|VIS,0.0,0.0,0.0,1.0,,
loso_allen,798911424_probeA,5class,bandpower_full,logreg,model,0,32800,5300,0.3333333333333333,0.022039637339010088,0.6178918128654971,0.6475471698113208,0.6139434748800925,0.8900119609450273,0.4710020393476995,0.04086017096340608,0.0401766223865402,CA1|DG|VIS,0.2845584795321638,0.5468421052631579,0.531,0.7758333333333334,,
loso_allen,798911424_probeA,5class,bandpower_full,logreg,permuted,0,32800,5300,0.3333333333333333,0.022039637339010088,0.3333333333333333,0.4528301886792453,0.20779220779220778,1.0896022630489952,0.6428910577581394,0.023792939201514013,0.049848551827360255,CA1|DG|VIS,0.0,0.0,0.0,1.0,,
loso_allen,798911424_probeB,5class,bandpower_full,logreg,model,0,36200,5700,0.3333333333333333,0.019989599196949003,0.5804416716181423,0.5835087719298245,0.5822311011700269,1.0905532107496538,0.5714976070232555,0.07442383262891293,0.07373847770661522,CA1|DG|VIS,0.247108338284809,0.5961111111111111,0.5329411764705883,0.6122727272727273,,
loso_allen,798911424_probeB,5class,bandpower_full,logreg,permuted,0,36200,5700,0.3333333333333333,0.019989599196949003,0.3333333333333333,0.38596491228070173,0.18565400843881855,1.2743677804984848,0.7029877900238342,0.05982272423373969,0.25460907109832437,CA1|DG|VIS,0.0,0.0,0.0,1.0,,
loso_allen,798911424_probeC,5class,bandpower_full,logreg,model,0,37800,3800,0.5,0.024891067019943206,0.638927536231884,0.6868421052631579,0.6785141130433425,0.916026188277101,0.45490371441749133,0.05999555812122258,0.05985738017779646,DG|VIS,0.13892753623188403,,0.41133333333333333,0.8665217391304347,,
loso_allen,798911424_probeC,5class,bandpower_full,logreg,permuted,0,37800,3800,0.5,0.024891067019943206,0.5,0.6052631578947368,0.3770491803278688,1.2298040321589991,0.6801347803553695,0.18757027997479958,0.20233431418676506,DG|VIS,0.0,,0.0,1.0,,
loso_allen,798911424_probeD,5class,bandpower_full,logreg,model,0,33100,5700,0.25,0.03312182495668888,0.3041105769230769,0.5212280701754386,0.2612267691963761,1.3556142279056602,0.6710982395384525,0.19353868269668162,0.1935386826966816,CA1|CA2|CA3|VIS,0.054110576923076914,0.25769230769230766,,0.95875,0.0,0.0
loso_allen,798911424_probeD,5class,bandpower_full,logreg,permuted,0,33100,5700,0.25,0.03312182495668888,0.25,0.42105263157894735,0.14814814814814814,1.3346753417196056,0.6777379543457013,0.08475871173174311,0.13589486827706346,CA1|CA2|CA3|VIS,0.0,0.0,,1.0,0.0,0.0
loso_allen,798911424_probeE,5class,bandpower_full,logreg,model,0,32400,6400,0.25,0.030142859224741154,0.37822826086956524,0.5175,0.3253417870989679,9.509410488981844,0.7279343401710799,0.22330973547860286,0.22330973547860283,CA1|CA2|CA3|VIS,0.12822826086956524,0.559,,0.9539130434782609,0.0,0.0
loso_allen,798911424_probeE,5class,bandpower_full,logreg,permuted,0,32400,6400,0.25,0.030142859224741154,0.25,0.359375,0.13218390804597702,9.736137085084469,0.8506028325510033,0.11992459888501851,0.11992459888501847,CA1|CA2|CA3|VIS,0.0,0.0,,1.0,0.0,0.0
loso_allen,798911424_probeF,5class,bandpower_full,logreg,model,0,34700,5700,0.25,0.021875,0.43161458333333336,0.578421052631579,0.39290182356816805,1.090110081488087,0.5472259195341282,0.10165119949178195,0.10258568292182553,CA1|CA3|DG|VIS,0.18161458333333336,0.663125,0.1975,0.8658333333333333,0.0,
loso_allen,798911424_probeF,5class,bandpower_full,logreg,permuted,0,34700,5700,0.25,0.021875,0.25,0.42105263157894735,0.14814814814814814,1.3761480295466821,0.7183566543996083,0.0419293198028797,0.08014264482908329,CA1|CA3|DG|VIS,0.0,0.0,0.0,1.0,0.0,
loso_allen,719161530_probeA,4class,bandpower_clean,constant,model,0,35100,5200,0.3333333333333333,0.02154269734821195,0.3333333333333333,0.4423076923076923,0.20444444444444443,1.196743314077476,0.6649174925528204,0.010683760683760701,0.010683760683760701,CA1|DG|VIS,0.0,0.0,0.0,1.0,,
loso_allen,719161530_probeA,4class,bandpower_clean,constant,permuted,0,35100,5200,0.3333333333333333,0.02154269734821195,0.3333333333333333,0.4423076923076923,0.20444444444444443,1.196743314077476,0.6649174925528204,0.010683760683760701,0.010683760683760701,CA1|DG|VIS,0.0,0.0,0.0,1.0,,
loso_allen,719161530_probeB,4class,bandpower_clean,constant,model,0,34600,5400,0.3333333333333333,0.02076286784374165,0.3333333333333333,0.4074074074074074,0.1929824561403509,1.1753981551342023,0.6727037940409587,0.05791051166773725,0.05791051166773725,CA1|DG|VIS,0.0,0.0,0.0,1.0,,
loso_allen,719161530_probeB,4class,bandpower_clean,constant,permuted,0,34600,5400,0.3333333333333333,0.02076286784374165,0.3333333333333333,0.4074074074074074,0.1929824561403509,1.1753981551342023,0.6727037940409587,0.05791051166773725,0.05791051166773725,CA1|DG|VIS,0.0,0.0,0.0,1.0,,
loso_allen,719161530_probeC,4class,bandpower_clean,constant,model,0,36000,2900,0.5,0.03254617099987719,0.5,0.7586206896551724,0.43137254901960786,1.0572246293071221,0.5859237973605791,0.3197318007662833,0.3197318007662833,DG|VIS,0.0,,0.0,1.0,,
loso_allen,719161530_probeC,4class,bandpower_clean,constant,permuted,0,36000,2900,0.5,0.03254617099987719,0.5,0.7586206896551724,0.43137254901960786,1.0572246293071221,0.5859237973605791,0.3197318007662833,0.3197318007662833,DG|VIS,0.0,,0.0,1.0,,
loso_allen,719161530_probeF,4class,bandpower_clean,constant,model,0,36600,4100,0.3333333333333333,0.029950940277884627,0.3333333333333333,0.4878048780487805,0.2185792349726776,1.034578853194063,0.6068727336023696,0.04518192722910841,0.04518192722910841,CA1|DG|VIS,0.0,0.0,0.0,1.0,,
loso_allen,719161530_probeF,4class,bandpower_clean,constant,permuted,0,36600,4100,0.3333333333333333,0.029950940277884627,0.3333333333333333,0.4878048780487805,0.2185792349726776,1.034578853194063,0.6068727336023696,0.04518192722910841,0.04518192722910841,CA1|DG|VIS,0.0,0.0,0.0,1.0,,
loso_allen,798911424_probeA,4class,bandpower_clean,constant,model,0,32800,5300,0.3333333333333333,0.022039637339010088,0.3333333333333333,0.4528301886792453,0.20779220779220778,1.089858947604099,0.6434971743010113,0.022779567418315716,0.022779567418315716,CA1|DG|VIS,0.0,0.0,0.0,1.0,,
loso_allen,798911424_probeA,4class,bandpower_clean,constant,permuted,0,32800,5300,0.3333333333333333,0.022039637339010088,0.3333333333333333,0.4528301886792453,0.20779220779220778,1.089858947604099,0.6434971743010113,0.022779567418315716,0.022779567418315716,CA1|DG|VIS,0.0,0.0,0.0,1.0,,
loso_allen,798911424_probeB,4class,bandpower_clean,constant,model,0,35800,5700,0.3333333333333333,0.019989599196949003,0.3333333333333333,0.38596491228070173,0.18565400843881855,1.2601712423993434,0.7009905619828104,0.0637557581103596,0.0637557581103596,CA1|DG|VIS,0.0,0.0,0.0,1.0,,
loso_allen,798911424_probeB,4class,bandpower_clean,constant,permuted,0,35800,5700,0.3333333333333333,0.019989599196949003,0.3333333333333333,0.38596491228070173,0.18565400843881855,1.2601712423993434,0.7009905619828104,0.0637557581103596,0.0637557581103596,CA1|DG|VIS,0.0,0.0,0.0,1.0,,
loso_allen,798911424_probeC,4class,bandpower_clean,constant,model,0,37600,3800,0.5,0.024891067019943206,0.5,0.6052631578947368,0.3770491803278688,1.2176024379147685,0.677373216030116,0.18505039193728984,0.18505039193728984,DG|VIS,0.0,,0.0,1.0,,
loso_allen,798911424_probeC,4class,bandpower_clean,constant,permuted,0,37600,3800,0.5,0.024891067019943206,0.5,0.6052631578947368,0.3770491803278688,1.2176024379147685,0.677373216030116,0.18505039193728984,0.18505039193728984,DG|VIS,0.0,,0.0,1.0,,
loso_allen,798911424_probeD,4class,bandpower_clean,constant,model,0,32900,5500,0.3333333333333333,0.026463569540417495,0.3333333333333333,0.43636363636363634,0.20253164556962025,1.1896133617902864,0.6545995426031641,0.0408400110527769,0.0408400110527769,CA1|CA3|VIS,0.0,0.0,,1.0,0.0,
loso_allen,798911424_probeD,4class,bandpower_clean,constant,permuted,0,32900,5500,0.3333333333333333,0.026463569540417495,0.3333333333333333,0.43636363636363634,0.20253164556962025,1.1896133617902864,0.6545995426031641,0.0408400110527769,0.0408400110527769,CA1|CA3|VIS,0.0,0.0,,1.0,0.0,
loso_allen,798911424_probeE,4class,bandpower_clean,constant,model,0,32400,6200,0.3333333333333333,0.019112158421861567,0.3333333333333333,0.3709677419354839,0.1803921568627451,9.155515432585975,0.8322830164559887,0.11051373954599769,0.11051373954599769,CA1|CA3|VIS,0.0,0.0,,1.0,0.0,
loso_allen,798911424_probeE,4class,bandpower_clean,constant,permuted,0,32400,6200,0.3333333333333333,0.019112158421861567,0.3333333333333333,0.3709677419354839,0.1803921568627451,9.155515432585975,0.8322830164559887,0.11051373954599769,0.11051373954599769,CA1|CA3|VIS,0.0,0.0,,1.0,0.0,
loso_allen,798911424_probeF,4class,bandpower_clean,constant,model,0,34500,5700,0.25,0.021875,0.25,0.42105263157894735,0.14814814814814814,1.3691203151566467,0.7175821090217667,0.03981693363844413,0.03981693363844413,CA1|CA3|DG|VIS,0.0,0.0,0.0,1.0,0.0,
loso_allen,798911424_probeF,4class,bandpower_clean,constant,permuted,0,34500,5700,0.25,0.021875,0.25,0.42105263157894735,0.14814814814814814,1.3691203151566467,0.7175821090217667,0.03981693363844413,0.03981693363844413,CA1|CA3|DG|VIS,0.0,0.0,0.0,1.0,0.0,
loso_allen,719161530_probeA,5class,bandpower_clean,constant,model,0,35500,5200,0.3333333333333333,0.02154269734821195,0.3333333333333333,0.4423076923076923,0.20444444444444443,1.2080748800870256,0.6650515007706042,0.005579631635969695,0.005579631635969695,CA1|DG|VIS,0.0,0.0,0.0,1.0,,
loso_allen,719161530_probeA,5class,bandpower_clean,constant,permuted,0,35500,5200,0.3333333333333333,0.02154269734821195,0.3333333333333333,0.4423076923076923,0.20444444444444443,1.2080748800870256,0.6650515007706042,0.005579631635969695,0.005579631635969695,CA1|DG|VIS,0.0,0.0,0.0,1.0,,
loso_allen,719161530_probeB,5class,bandpower_clean,constant,model,0,35000,5400,0.3333333333333333,0.02076286784374165,0.3333333333333333,0.4074074074074074,0.1929824561403509,1.1868925345599373,0.6727794406651549,0.052592592592592635,0.052592592592592635,CA1|DG|VIS,0.0,0.0,0.0,1.0,,
loso_allen,719161530_probeB,5class,bandpower_clean,constant,permuted,0,35000,5400,0.3333333333333333,0.02076286784374165,0.3333333333333333,0.4074074074074074,0.1929824561403509,1.1868925345599373,0.6727794406651549,0.052592592592592635,0.052592592592592635,CA1|DG|VIS,0.0,0.0,0.0,1.0,,
loso_allen,719161530_probeC,5class,bandpower_clean,constant,model,0,36400,2900,0.5,0.03254617099987719,0.5,0.7586206896551724,0.43137254901960786,1.0682744654937073,0.5869834977451499,0.32455475558923813,0.32455475558923813,DG|VIS,0.0,,0.0,1.0,,
loso_allen,719161530_probeC,5class,bandpower_clean,constant,permuted,0,36400,2900,0.5,0.03254617099987719,0.5,0.7586206896551724,0.43137254901960786,1.0682744654937073,0.5869834977451499,0.32455475558923813,0.32455475558923813,DG|VIS,0.0,,0.0,1.0,,
loso_allen,719161530_probeF,5class,bandpower_clean,constant,model,0,36800,4100,0.3333333333333333,0.029950940277884627,0.3333333333333333,0.4878048780487805,0.2185792349726776,1.040028457961628,0.6072144866061135,0.047587486744432805,0.047587486744432805,CA1|DG|VIS,0.0,0.0,0.0,1.0,,
loso_allen,719161530_probeF,5class,bandpower_clean,constant,permuted,0,36800,4100,0.3333333333333333,0.029950940277884627,0.3333333333333333,0.4878048780487805,0.2185792349726776,1.040028457961628,0.6072144866061135,0.047587486744432805,0.047587486744432805,CA1|DG|VIS,0.0,0.0,0.0,1.0,,
loso_allen,798911424_probeA,5class,bandpower_clean,constant,model,0,32800,5300,0.3333333333333333,0.022039637339010088,0.3333333333333333,0.4528301886792453,0.20779220779220778,1.089858947604099,0.6434971743010113,0.022779567418315716,0.022779567418315716,CA1|DG|VIS,0.0,0.0,0.0,1.0,,
loso_allen,798911424_probeA,5class,bandpower_clean,constant,permuted,0,32800,5300,0.3333333333333333,0.022039637339010088,0.3333333333333333,0.4528301886792453,0.20779220779220778,1.089858947604099,0.6434971743010113,0.022779567418315716,0.022779567418315716,CA1|DG|VIS,0.0,0.0,0.0,1.0,,
loso_allen,798911424_probeB,5class,bandpower_clean,constant,model,0,36200,5700,0.3333333333333333,0.019989599196949003,0.3333333333333333,0.38596491228070173,0.18565400843881855,1.2712824678244141,0.7007813633776147,0.05878646893476791,0.05878646893476791,CA1|DG|VIS,0.0,0.0,0.0,1.0,,
loso_allen,798911424_probeB,5class,bandpower_clean,constant,permuted,0,36200,5700,0.3333333333333333,0.019989599196949003,0.3333333333333333,0.38596491228070173,0.18565400843881855,1.2712824678244141,0.7007813633776147,0.05878646893476791,0.05878646893476791,CA1|DG|VIS,0.0,0.0,0.0,1.0,,
loso_allen,798911424_probeC,5class,bandpower_clean,constant,model,0,37800,3800,0.5,0.024891067019943206,0.5,0.6052631578947368,0.3770491803278688,1.2229074901444617,0.677410752041774,0.18727373990531893,0.18727373990531893,DG|VIS,0.0,,0.0,1.0,,
loso_allen,798911424_probeC,5class,bandpower_clean,constant,permuted,0,37800,3800,0.5,0.024891067019943206,0.5,0.6052631578947368,0.3770491803278688,1.2229074901444617,0.677410752041774,0.18727373990531893,0.18727373990531893,DG|VIS,0.0,,0.0,1.0,,
loso_allen,798911424_probeD,5class,bandpower_clean,constant,model,0,33100,5700,0.25,0.03312182495668888,0.25,0.42105263157894735,0.14814814814814814,1.3329826603814563,0.6782497357476257,0.05326761011289566,0.05326761011289566,CA1|CA2|CA3|VIS,0.0,0.0,,1.0,0.0,0.0
loso_allen,798911424_probeD,5class,bandpower_clean,constant,permuted,0,33100,5700,0.25,0.03312182495668888,0.25,0.42105263157894735,0.14814814814814814,1.3329826603814563,0.6782497357476257,0.05326761011289566,0.05326761011289566,CA1|CA2|CA3|VIS,0.0,0.0,,1.0,0.0,0.0
loso_allen,798911424_probeE,5class,bandpower_clean,constant,model,0,32400,6400,0.25,0.030142859224741154,0.25,0.359375,0.13218390804597702,9.73287498519043,0.848984529797287,0.12210648148148151,0.12210648148148151,CA1|CA2|CA3|VIS,0.0,0.0,,1.0,0.0,0.0
loso_allen,798911424_probeE,5class,bandpower_clean,constant,permuted,0,32400,6400,0.25,0.030142859224741154,0.25,0.359375,0.13218390804597702,9.73287498519043,0.848984529797287,0.12210648148148151,0.12210648148148151,CA1|CA2|CA3|VIS,0.0,0.0,,1.0,0.0,0.0
loso_allen,798911424_probeF,5class,bandpower_clean,constant,model,0,34700,5700,0.25,0.021875,0.25,0.42105263157894735,0.14814814814814814,1.374900678072146,0.7173302456117038,0.037160624905202555,0.037160624905202555,CA1|CA3|DG|VIS,0.0,0.0,0.0,1.0,0.0,
loso_allen,798911424_probeF,5class,bandpower_clean,constant,permuted,0,34700,5700,0.25,0.021875,0.25,0.42105263157894735,0.14814814814814814,1.374900678072146,0.7173302456117038,0.037160624905202555,0.037160624905202555,CA1|CA3|DG|VIS,0.0,0.0,0.0,1.0,0.0,
loso_allen,719161530_probeA,4class,bandpower_clean,logreg,model,0,35100,5200,0.3333333333333333,0.02154269734821195,0.5069984370559818,0.5725,0.4857794096333447,0.9548093811697315,0.5277357886348756,0.03433570644919293,0.03630658654222308,CA1|DG|VIS,0.17366510372264848,0.6411764705882353,0.12416666666666666,0.7556521739130435,,
loso_allen,719161530_probeA,4class,bandpower_clean,logreg,permuted,0,35100,5200,0.3333333333333333,0.02154269734821195,0.3333333333333333,0.4423076923076923,0.20444444444444443,1.2043663784120442,0.6681580199910536,0.019187312105612163,0.06585624506065584,CA1|DG|VIS,0.0,0.0,0.0,1.0,,
loso_allen,719161530_probeB,4class,bandpower_clean,logreg,model,0,34600,5400,0.3333333333333333,0.02076286784374165,0.5772198172198172,0.6181481481481481,0.5845096846794773,0.9074852597911346,0.5091488729683668,0.04980916205689051,0.05103144238725373,CA1|DG|VIS,0.24388648388648387,0.5205555555555555,0.3292857142857143,0.8818181818181818,,
loso_allen,719161530_probeB,4class,bandpower_clean,logreg,permuted,0,34600,5400,0.3333333333333333,0.02076286784374165,0.3333333333333333,0.4074074074074074,0.1929824561403509,1.176413839760124,0.6734295397999618,0.06145016658175307,0.07163583291353427,CA1|DG|VIS,0.0,0.0,0.0,1.0,,
loso_allen,719161530_probeC,4class,bandpower_clean,logreg,model,0,36000,2900,0.5,0.03254617099987719,0.4958116883116883,0.7286206896551725,0.496298373916175,0.718927437396828,0.37239377931758194,0.13028802174547943,0.13081475318362362,DG|VIS,-0.0041883116883116855,,0.045714285714285714,0.9459090909090909,,
loso_allen,719161530_probeC,4class,bandpower_clean,logreg,permuted,0,36000,2900,0.5,0.03254617099987719,0.5,0.7586206896551724,0.43137254901960786,1.0675026010443307,0.5928687241129875,0.323181002736774,0.4113880068066805,DG|VIS,0.0,,0.0,1.0,,
loso_allen,719161530_probeF,4class,bandpower_clean,logreg,model,0,36600,4100,0.3333333333333333,0.029950940277884627,0.5688235294117647,0.5926829268292683,0.5324057270764471,0.8986851122404012,0.5236850517228491,0.04344063602221212,0.047163566588986176,CA1|DG|VIS,0.2354901960784314,0.5164705882352941,0.5175,0.6725,,
loso_allen,719161530_probeF,4class,bandpower_clean,logreg,permuted,0,36600,4100,0.3333333333333333,0.029950940277884627,0.3333333333333333,0.4878048780487805,0.2185792349726776,1.033638821089472,0.6049549840935867,0.04484564896459042,0.17938718193150208,CA1|DG|VIS,0.0,0.0,0.0,1.0,,
loso_allen,798911424_probeA,4class,bandpower_clean,logreg,model,0,32800,5300,0.3333333333333333,0.022039637339010088,0.4555029239766082,0.5043396226415094,0.4573126089186366,1.097463841440225,0.6271968157479819,0.04455403488728686,0.04832166543487759,CA1|DG|VIS,0.12216959064327487,0.4068421052631579,0.288,0.6716666666666666,,
loso_allen,798911424_probeA,4class,bandpower_clean,logreg,permuted,0,32800,5300,0.3333333333333333,0.022039637339010088,0.3333333333333333,0.4528301886792453,0.20779220779220778,1.090700111524011,0.6436153317685799,0.028349302776779627,0.04195401663522258,CA1|DG|VIS,0.0,0.0,0.0,1.0,,
loso_allen,798911424_probeB,4class,bandpower_clean,logreg,model,0,35800,5700,0.3333333333333333,0.019989599196949003,0.45890671420083184,0.47578947368421054,0.4470228621326706,1.2327904054358196,0.678174012992936,0.10911867531276906,0.10987577886909262,CA1|DG|VIS,0.12557338086749853,0.5316666666666666,0.20823529411764705,0.6368181818181818,,
loso_allen,798911424_probeB,4class,bandpower_clean,logreg,permuted,0,35800,5700,0.3333333333333333,0.019989599196949003,0.3333333333333333,0.38596491228070173,0.18565400843881855,1.2612803501094507,0.7011204733127439,0.06372876776525843,0.06413754311258926,CA1|DG|VIS,0.0,0.0,0.0,1.0,,
loso_allen,798911424_probeC,4class,bandpower_clean,logreg,model,0,37600,3800,0.5,0.024891067019943206,0.588072463768116,0.6481578947368422,0.6268738591856206,0.9230020107181836,0.493711228650248,0.08663219873643284,0.09003356938373892,DG|VIS,0.08807246376811595,,0.30266666666666664,0.8734782608695653,,
loso_allen,798911424_probeC,4class,bandpower_clean,logreg,permuted,0,37600,3800,0.5,0.024891067019943206,0.5,0.6052631578947368,0.3770491803278688,1.2259430303816194,0.6807504142443521,0.18661874629113404,0.186618746291134,DG|VIS,0.0,,0.0,1.0,,
loso_allen,798911424_probeD,4class,bandpower_clean,logreg,model,0,32900,5500,0.3333333333333333,0.026463569540417495,0.4040598290598291,0.5432727272727272,0.3863103905408522,1.0297837385246886,0.5741337218957745,0.04649247558623654,0.05088772118053269,CA1|CA3|VIS,0.07072649572649581,0.39384615384615385,,0.8183333333333334,0.0,
loso_allen,798911424_probeD,4class,bandpower_clean,logreg,permuted,0,32900,5500,0.3333333333333333,0.026463569540417495,0.3333333333333333,0.43636363636363634,0.20253164556962025,1.1921648615467189,0.6562155463287085,0.04161830658298099,0.17045683115385146,CA1|CA3|VIS,0.0,0.0,,1.0,0.0,
loso_allen,798911424_probeE,4class,bandpower_clean,logreg,model,0,32400,6200,0.3333333333333333,0.019112158421861567,0.43378985507246376,0.46241935483870966,0.37614796083411434,8.974475787069348,0.7488961736921362,0.15080412058601697,0.15063863521012982,CA1|CA3|VIS,0.10045652173913044,0.4205,,0.8808695652173913,0.0,
loso_allen,798911424_probeE,4class,bandpower_clean,logreg,permuted,0,32400,6200,0.3333333333333333,0.019112158421861567,0.3333333333333333,0.3709677419354839,0.1803921568627451,9.159681925137885,0.8342696966604689,0.10892612687273412,0.10892612687273417,CA1|CA3|VIS,0.0,0.0,,1.0,0.0,
loso_allen,798911424_probeF,4class,bandpower_clean,logreg,model,0,34500,5700,0.25,0.021875,0.30953125000000004,0.43315789473684213,0.28057016396917445,1.3345152880115883,0.7064937461765021,0.12784734683067447,0.12784734683067447,CA1|CA3|DG|VIS,0.059531250000000036,0.418125,0.105,0.715,0.0,
loso_allen,798911424_probeF,4class,bandpower_clean,logreg,permuted,0,34500,5700,0.25,0.021875,0.25,0.42105263157894735,0.14814814814814814,1.3707231942801068,0.7169964536389966,0.04372957743119376,0.057573333483857424,CA1|CA3|DG|VIS,0.0,0.0,0.0,1.0,0.0,
loso_allen,719161530_probeA,5class,bandpower_clean,logreg,model,0,35500,5200,0.3333333333333333,0.02154269734821195,0.5082154021028701,0.5736538461538462,0.48758885763958054,0.9608113986608321,0.5279152940426557,0.03112075284855557,0.03570293278294969,CA1|DG|VIS,0.17488206876953677,0.6405882352941177,0.12666666666666668,0.7573913043478261,,
loso_allen,719161530_probeA,5class,bandpower_clean,logreg,permuted,0,35500,5200,0.3333333333333333,0.02154269734821195,0.3333333333333333,0.4423076923076923,0.20444444444444443,1.2094930688971264,0.6664065770004967,0.007045758930187995,0.08507639807631226,CA1|DG|VIS,0.0,0.0,0.0,1.0,,
loso_allen,719161530_probeB,5class,bandpower_clean,logreg,model,0,35000,5400,0.3333333333333333,0.02076286784374165,0.5764261664261664,0.6174074074074074,0.5835994470075728,0.9136174779419414,0.5094980101202621,0.05119823772238569,0.04978546474116422,CA1|DG|VIS,0.24309283309283308,0.5188888888888888,0.32857142857142857,0.8818181818181818,,
loso_allen,719161530_probeB,5class,bandpower_clean,logreg,permuted,0,35000,5400,0.3333333333333333,0.02076286784374165,0.3333333333333333,0.4074074074074074,0.1929824561403509,1.1857016434092231,0.671535203200612,0.05492597490820198,0.06423267542712201,CA1|DG|VIS,0.0,0.0,0.0,1.0,,
loso_allen,719161530_probeC,5class,bandpower_clean,logreg,model,0,36400,2900,0.5,0.03254617099987719,0.49626623376623374,0.7293103448275862,0.49643748204899285,0.7217716419878168,0.3722610705373867,0.13150680447238816,0.12985022624779793,DG|VIS,-0.003733766233766256,,0.045714285714285714,0.9468181818181818,,
loso_allen,719161530_probeC,5class,bandpower_clean,logreg,permuted,0,36400,2900,0.5,0.03254617099987719,0.5,0.7586206896551724,0.43137254901960786,1.0690909529656785,0.586016208352298,0.3231111242286262,0.3231111242286263,DG|VIS,0.0,,0.0,1.0,,
loso_allen,719161530_probeF,5class,bandpower_clean,logreg,model,0,36800,4100,0.3333333333333333,0.029950940277884627,0.5691274509803922,0.5921951219512195,0.5323207291381181,0.9020853449106172,0.5241186732838639,0.044025365983617865,0.04499862554842455,CA1|DG|VIS,0.23579411764705888,0.5158823529411765,0.52,0.6715,,
loso_allen,719161530_probeF,5class,bandpower_clean,logreg,permuted,0,36800,4100,0.3333333333333333,0.029950940277884627,0.3333333333333333,0.4878048780487805,0.2185792349726776,1.0465079127602763,0.6111848388585819,0.04557019719914179,0.16021524639948548,CA1|DG|VIS,0.0,0.0,0.0,1.0,,
loso_allen,798911424_probeA,5class,bandpower_clean,logreg,model,0,32800,5300,0.3333333333333333,0.022039637339010088,0.4555029239766082,0.5043396226415094,0.4573126089186366,1.097463841440225,0.6271968157479819,0.04455403488728686,0.04832166543487759,CA1|DG|VIS,0.12216959064327487,0.4068421052631579,0.288,0.6716666666666666,,
loso_allen,798911424_probeA,5class,bandpower_clean,logreg,permuted,0,32800,5300,0.3333333333333333,0.022039637339010088,0.3333333333333333,0.4528301886792453,0.20779220779220778,1.090700111524011,0.6436153317685799,0.028349302776779627,0.04195401663522258,CA1|DG|VIS,0.0,0.0,0.0,1.0,,
loso_allen,798911424_probeB,5class,bandpower_clean,logreg,model,0,36200,5700,0.3333333333333333,0.019989599196949003,0.45918102594573185,0.47596491228070176,0.44748281478459145,1.2458863831233458,0.6786222130403545,0.11081673116025857,0.10927778111631922,CA1|DG|VIS,0.12584769261239853,0.5322222222222223,0.20941176470588235,0.6359090909090909,,
loso_allen,798911424_probeB,5class,bandpower_clean,logreg,permuted,0,36200,5700,0.3333333333333333,0.019989599196949003,0.3333333333333333,0.38596491228070173,0.18565400843881855,1.2708426817937597,0.7010225337661574,0.0585851793669212,0.09727849350456846,CA1|DG|VIS,0.0,0.0,0.0,1.0,,
loso_allen,798911424_probeC,5class,bandpower_clean,logreg,model,0,37800,3800,0.5,0.024891067019943206,0.5878550724637681,0.6478947368421053,0.6267337723893629,0.9255474635938278,0.49341987454710207,0.0876282658963346,0.08982063242751581,DG|VIS,0.08785507246376811,,0.30266666666666664,0.8730434782608696,,
loso_allen,798911424_probeC,5class,bandpower_clean,logreg,permuted,0,37800,3800,0.5,0.024891067019943206,0.5,0.6052631578947368,0.3770491803278688,1.2303011621256796,0.6804825339692436,0.18810568251333265,0.23206413848493804,DG|VIS,0.0,,0.0,1.0,,
loso_allen,798911424_probeD,5class,bandpower_clean,logreg,model,0,33100,5700,0.25,0.03312182495668888,0.30322115384615383,0.5245614035087719,0.28495994588514273,1.2101218289271067,0.6021563439782277,0.0546183075378346,0.05461830753783466,CA1|CA2|CA3|VIS,0.053221153846153835,0.3953846153846154,,0.8175,0.0,0.0
loso_allen,798911424_probeD,5class,bandpower_clean,logreg,permuted,0,33100,5700,0.25,0.03312182495668888,0.25,0.42105263157894735,0.14814814814814814,1.3294179336833878,0.676275861667503,0.08799616677288963,0.14694175633381495,CA1|CA2|CA3|VIS,0.0,0.0,,1.0,0.0,0.0
loso_allen,798911424_probeE,5class,bandpower_clean,logreg,model,0,32400,6400,0.25,0.030142859224741154,0.32534239130434783,0.44796875,0.27602238822711267,9.557492828596198,0.7712686361440055,0.16432757425823458,0.1638892012103121,CA1|CA2|CA3|VIS,0.07534239130434783,0.4205,,0.8808695652173913,0.0,0.0
loso_allen,798911424_probeE,5class,bandpower_clean,logreg,permuted,0,32400,6400,0.25,0.030142859224741154,0.25,0.359375,0.13218390804597702,9.736911274850092,0.8508987663311615,0.12055337564961295,0.12055337564961292,CA1|CA2|CA3|VIS,0.0,0.0,,1.0,0.0,0.0
loso_allen,798911424_probeF,5class,bandpower_clean,logreg,model,0,34700,5700,0.25,0.021875,0.3097916666666667,0.43315789473684213,0.280852250764295,1.3461054251150377,0.7059183465265685,0.12147676152326302,0.12147676152326299,CA1|CA3|DG|VIS,0.05979166666666669,0.41875,0.10625,0.7141666666666666,0.0,
loso_allen,798911424_probeF,5class,bandpower_clean,logreg,permuted,0,34700,5700,0.25,0.021875,0.25,0.42105263157894735,0.14814814814814814,1.3756892922680597,0.7180645027691699,0.03671236413052002,0.09640191919917936,CA1|CA3|DG|VIS,0.0,0.0,0.0,1.0,0.0,
loso_allen,719161530_probeA,4class,geometry,constant,model,0,35100,5200,0.3333333333333333,0.02154269734821195,0.3333333333333333,0.4423076923076923,0.20444444444444443,1.196743314077476,0.6649174925528204,0.010683760683760701,0.010683760683760701,CA1|DG|VIS,0.0,0.0,0.0,1.0,,
loso_allen,719161530_probeA,4class,geometry,constant,permuted,0,35100,5200,0.3333333333333333,0.02154269734821195,0.3333333333333333,0.4423076923076923,0.20444444444444443,1.196743314077476,0.6649174925528204,0.010683760683760701,0.010683760683760701,CA1|DG|VIS,0.0,0.0,0.0,1.0,,
loso_allen,719161530_probeB,4class,geometry,constant,model,0,34600,5400,0.3333333333333333,0.02076286784374165,0.3333333333333333,0.4074074074074074,0.1929824561403509,1.1753981551342023,0.6727037940409587,0.05791051166773725,0.05791051166773725,CA1|DG|VIS,0.0,0.0,0.0,1.0,,
loso_allen,719161530_probeB,4class,geometry,constant,permuted,0,34600,5400,0.3333333333333333,0.02076286784374165,0.3333333333333333,0.4074074074074074,0.1929824561403509,1.1753981551342023,0.6727037940409587,0.05791051166773725,0.05791051166773725,CA1|DG|VIS,0.0,0.0,0.0,1.0,,
loso_allen,719161530_probeC,4class,geometry,constant,model,0,36000,2900,0.5,0.03254617099987719,0.5,0.7586206896551724,0.43137254901960786,1.0572246293071221,0.5859237973605791,0.3197318007662833,0.3197318007662833,DG|VIS,0.0,,0.0,1.0,,
loso_allen,719161530_probeC,4class,geometry,constant,permuted,0,36000,2900,0.5,0.03254617099987719,0.5,0.7586206896551724,0.43137254901960786,1.0572246293071221,0.5859237973605791,0.3197318007662833,0.3197318007662833,DG|VIS,0.0,,0.0,1.0,,
loso_allen,719161530_probeF,4class,geometry,constant,model,0,36600,4100,0.3333333333333333,0.029950940277884627,0.3333333333333333,0.4878048780487805,0.2185792349726776,1.034578853194063,0.6068727336023696,0.04518192722910841,0.04518192722910841,CA1|DG|VIS,0.0,0.0,0.0,1.0,,
loso_allen,719161530_probeF,4class,geometry,constant,permuted,0,36600,4100,0.3333333333333333,0.029950940277884627,0.3333333333333333,0.4878048780487805,0.2185792349726776,1.034578853194063,0.6068727336023696,0.04518192722910841,0.04518192722910841,CA1|DG|VIS,0.0,0.0,0.0,1.0,,
loso_allen,798911424_probeA,4class,geometry,constant,model,0,32800,5300,0.3333333333333333,0.022039637339010088,0.3333333333333333,0.4528301886792453,0.20779220779220778,1.089858947604099,0.6434971743010113,0.022779567418315716,0.022779567418315716,CA1|DG|VIS,0.0,0.0,0.0,1.0,,
loso_allen,798911424_probeA,4class,geometry,constant,permuted,0,32800,5300,0.3333333333333333,0.022039637339010088,0.3333333333333333,0.4528301886792453,0.20779220779220778,1.089858947604099,0.6434971743010113,0.022779567418315716,0.022779567418315716,CA1|DG|VIS,0.0,0.0,0.0,1.0,,
loso_allen,798911424_probeB,4class,geometry,constant,model,0,35800,5700,0.3333333333333333,0.019989599196949003,0.3333333333333333,0.38596491228070173,0.18565400843881855,1.2601712423993434,0.7009905619828104,0.0637557581103596,0.0637557581103596,CA1|DG|VIS,0.0,0.0,0.0,1.0,,
loso_allen,798911424_probeB,4class,geometry,constant,permuted,0,35800,5700,0.3333333333333333,0.019989599196949003,0.3333333333333333,0.38596491228070173,0.18565400843881855,1.2601712423993434,0.7009905619828104,0.0637557581103596,0.0637557581103596,CA1|DG|VIS,0.0,0.0,0.0,1.0,,
loso_allen,798911424_probeC,4class,geometry,constant,model,0,37600,3800,0.5,0.024891067019943206,0.5,0.6052631578947368,0.3770491803278688,1.2176024379147685,0.677373216030116,0.18505039193728984,0.18505039193728984,DG|VIS,0.0,,0.0,1.0,,
loso_allen,798911424_probeC,4class,geometry,constant,permuted,0,37600,3800,0.5,0.024891067019943206,0.5,0.6052631578947368,0.3770491803278688,1.2176024379147685,0.677373216030116,0.18505039193728984,0.18505039193728984,DG|VIS,0.0,,0.0,1.0,,
loso_allen,798911424_probeD,4class,geometry,constant,model,0,32900,5500,0.3333333333333333,0.026463569540417495,0.3333333333333333,0.43636363636363634,0.20253164556962025,1.1896133617902864,0.6545995426031641,0.0408400110527769,0.0408400110527769,CA1|CA3|VIS,0.0,0.0,,1.0,0.0,
loso_allen,798911424_probeD,4class,geometry,constant,permuted,0,32900,5500,0.3333333333333333,0.026463569540417495,0.3333333333333333,0.43636363636363634,0.20253164556962025,1.1896133617902864,0.6545995426031641,0.0408400110527769,0.0408400110527769,CA1|CA3|VIS,0.0,0.0,,1.0,0.0,
loso_allen,798911424_probeE,4class,geometry,constant,model,0,32400,6200,0.3333333333333333,0.019112158421861567,0.3333333333333333,0.3709677419354839,0.1803921568627451,9.155515432585975,0.8322830164559887,0.11051373954599769,0.11051373954599769,CA1|CA3|VIS,0.0,0.0,,1.0,0.0,
loso_allen,798911424_probeE,4class,geometry,constant,permuted,0,32400,6200,0.3333333333333333,0.019112158421861567,0.3333333333333333,0.3709677419354839,0.1803921568627451,9.155515432585975,0.8322830164559887,0.11051373954599769,0.11051373954599769,CA1|CA3|VIS,0.0,0.0,,1.0,0.0,
loso_allen,798911424_probeF,4class,geometry,constant,model,0,34500,5700,0.25,0.021875,0.25,0.42105263157894735,0.14814814814814814,1.3691203151566467,0.7175821090217667,0.03981693363844413,0.03981693363844413,CA1|CA3|DG|VIS,0.0,0.0,0.0,1.0,0.0,
loso_allen,798911424_probeF,4class,geometry,constant,permuted,0,34500,5700,0.25,0.021875,0.25,0.42105263157894735,0.14814814814814814,1.3691203151566467,0.7175821090217667,0.03981693363844413,0.03981693363844413,CA1|CA3|DG|VIS,0.0,0.0,0.0,1.0,0.0,
loso_allen,719161530_probeA,5class,geometry,constant,model,0,35500,5200,0.3333333333333333,0.02154269734821195,0.3333333333333333,0.4423076923076923,0.20444444444444443,1.2080748800870256,0.6650515007706042,0.005579631635969695,0.005579631635969695,CA1|DG|VIS,0.0,0.0,0.0,1.0,,
loso_allen,719161530_probeA,5class,geometry,constant,permuted,0,35500,5200,0.3333333333333333,0.02154269734821195,0.3333333333333333,0.4423076923076923,0.20444444444444443,1.2080748800870256,0.6650515007706042,0.005579631635969695,0.005579631635969695,CA1|DG|VIS,0.0,0.0,0.0,1.0,,
loso_allen,719161530_probeB,5class,geometry,constant,model,0,35000,5400,0.3333333333333333,0.02076286784374165,0.3333333333333333,0.4074074074074074,0.1929824561403509,1.1868925345599373,0.6727794406651549,0.052592592592592635,0.052592592592592635,CA1|DG|VIS,0.0,0.0,0.0,1.0,,
loso_allen,719161530_probeB,5class,geometry,constant,permuted,0,35000,5400,0.3333333333333333,0.02076286784374165,0.3333333333333333,0.4074074074074074,0.1929824561403509,1.1868925345599373,0.6727794406651549,0.052592592592592635,0.052592592592592635,CA1|DG|VIS,0.0,0.0,0.0,1.0,,
loso_allen,719161530_probeC,5class,geometry,constant,model,0,36400,2900,0.5,0.03254617099987719,0.5,0.7586206896551724,0.43137254901960786,1.0682744654937073,0.5869834977451499,0.32455475558923813,0.32455475558923813,DG|VIS,0.0,,0.0,1.0,,
loso_allen,719161530_probeC,5class,geometry,constant,permuted,0,36400,2900,0.5,0.03254617099987719,0.5,0.7586206896551724,0.43137254901960786,1.0682744654937073,0.5869834977451499,0.32455475558923813,0.32455475558923813,DG|VIS,0.0,,0.0,1.0,,
loso_allen,719161530_probeF,5class,geometry,constant,model,0,36800,4100,0.3333333333333333,0.029950940277884627,0.3333333333333333,0.4878048780487805,0.2185792349726776,1.040028457961628,0.6072144866061135,0.047587486744432805,0.047587486744432805,CA1|DG|VIS,0.0,0.0,0.0,1.0,,
loso_allen,719161530_probeF,5class,geometry,constant,permuted,0,36800,4100,0.3333333333333333,0.029950940277884627,0.3333333333333333,0.4878048780487805,0.2185792349726776,1.040028457961628,0.6072144866061135,0.047587486744432805,0.047587486744432805,CA1|DG|VIS,0.0,0.0,0.0,1.0,,
loso_allen,798911424_probeA,5class,geometry,constant,model,0,32800,5300,0.3333333333333333,0.022039637339010088,0.3333333333333333,0.4528301886792453,0.20779220779220778,1.089858947604099,0.6434971743010113,0.022779567418315716,0.022779567418315716,CA1|DG|VIS,0.0,0.0,0.0,1.0,,
loso_allen,798911424_probeA,5class,geometry,constant,permuted,0,32800,5300,0.3333333333333333,0.022039637339010088,0.3333333333333333,0.4528301886792453,0.20779220779220778,1.089858947604099,0.6434971743010113,0.022779567418315716,0.022779567418315716,CA1|DG|VIS,0.0,0.0,0.0,1.0,,
loso_allen,798911424_probeB,5class,geometry,constant,model,0,36200,5700,0.3333333333333333,0.019989599196949003,0.3333333333333333,0.38596491228070173,0.18565400843881855,1.2712824678244141,0.7007813633776147,0.05878646893476791,0.05878646893476791,CA1|DG|VIS,0.0,0.0,0.0,1.0,,
loso_allen,798911424_probeB,5class,geometry,constant,permuted,0,36200,5700,0.3333333333333333,0.019989599196949003,0.3333333333333333,0.38596491228070173,0.18565400843881855,1.2712824678244141,0.7007813633776147,0.05878646893476791,0.05878646893476791,CA1|DG|VIS,0.0,0.0,0.0,1.0,,
loso_allen,798911424_probeC,5class,geometry,constant,model,0,37800,3800,0.5,0.024891067019943206,0.5,0.6052631578947368,0.3770491803278688,1.2229074901444617,0.677410752041774,0.18727373990531893,0.18727373990531893,DG|VIS,0.0,,0.0,1.0,,
loso_allen,798911424_probeC,5class,geometry,constant,permuted,0,37800,3800,0.5,0.024891067019943206,0.5,0.6052631578947368,0.3770491803278688,1.2229074901444617,0.677410752041774,0.18727373990531893,0.18727373990531893,DG|VIS,0.0,,0.0,1.0,,
loso_allen,798911424_probeD,5class,geometry,constant,model,0,33100,5700,0.25,0.03312182495668888,0.25,0.42105263157894735,0.14814814814814814,1.3329826603814563,0.6782497357476257,0.05326761011289566,0.05326761011289566,CA1|CA2|CA3|VIS,0.0,0.0,,1.0,0.0,0.0
loso_allen,798911424_probeD,5class,geometry,constant,permuted,0,33100,5700,0.25,0.03312182495668888,0.25,0.42105263157894735,0.14814814814814814,1.3329826603814563,0.6782497357476257,0.05326761011289566,0.05326761011289566,CA1|CA2|CA3|VIS,0.0,0.0,,1.0,0.0,0.0
loso_allen,798911424_probeE,5class,geometry,constant,model,0,32400,6400,0.25,0.030142859224741154,0.25,0.359375,0.13218390804597702,9.73287498519043,0.848984529797287,0.12210648148148151,0.12210648148148151,CA1|CA2|CA3|VIS,0.0,0.0,,1.0,0.0,0.0
loso_allen,798911424_probeE,5class,geometry,constant,permuted,0,32400,6400,0.25,0.030142859224741154,0.25,0.359375,0.13218390804597702,9.73287498519043,0.848984529797287,0.12210648148148151,0.12210648148148151,CA1|CA2|CA3|VIS,0.0,0.0,,1.0,0.0,0.0
loso_allen,798911424_probeF,5class,geometry,constant,model,0,34700,5700,0.25,0.021875,0.25,0.42105263157894735,0.14814814814814814,1.374900678072146,0.7173302456117038,0.037160624905202555,0.037160624905202555,CA1|CA3|DG|VIS,0.0,0.0,0.0,1.0,0.0,
loso_allen,798911424_probeF,5class,geometry,constant,permuted,0,34700,5700,0.25,0.021875,0.25,0.42105263157894735,0.14814814814814814,1.374900678072146,0.7173302456117038,0.037160624905202555,0.037160624905202555,CA1|CA3|DG|VIS,0.0,0.0,0.0,1.0,0.0,
loso_allen,719161530_probeA,4class,geometry,logreg,model,0,35100,5200,0.3333333333333333,0.02154269734821195,0.9121909633418585,0.9038461538461539,0.8973063973063974,0.2595507739198045,0.14357771218052667,0.09018731400382908,0.07976049154742086,CA1|DG|VIS,0.5788576300085251,0.8235294117647058,1.0,0.9130434782608695,,
loso_allen,719161530_probeA,4class,geometry,logreg,permuted,0,35100,5200,0.3333333333333333,0.02154269734821195,0.3333333333333333,0.4423076923076923,0.20444444444444443,1.200998069017926,0.6693039703625957,0.01508791033100737,0.46371398340115944,CA1|DG|VIS,0.0,0.0,0.0,1.0,,
loso_allen,719161530_probeB,4class,geometry,logreg,model,0,34600,5400,0.3333333333333333,0.02076286784374165,0.9814814814814815,0.9814814814814815,0.9830687830687831,0.1326461324525829,0.05965270902048437,0.09448545598166151,0.0860514486831555,CA1|DG|VIS,0.6481481481481481,0.9444444444444444,1.0,1.0,,
loso_allen,719161530_probeB,4class,geometry,logreg,permuted,0,34600,5400,0.3333333333333333,0.02076286784374165,0.3333333333333333,0.4074074074074074,0.1929824561403509,1.1685043693900052,0.6689325682887273,0.4321482518544496,0.471671264861218,CA1|DG|VIS,0.0,0.0,0.0,1.0,,
loso_allen,719161530_probeC,4class,geometry,logreg,model,0,36000,2900,0.5,0.03254617099987719,1.0,1.0,1.0,0.06936996754313117,0.022535806392110194,0.06270862949156367,0.0627086294915637,DG|VIS,0.5,,1.0,1.0,,
loso_allen,719161530_probeC,4class,geometry,logreg,permuted,0,36000,2900,0.5,0.03254617099987719,0.5,0.7586206896551724,0.43137254901960786,1.0622451176183203,0.5901982312871725,0.3270705013681199,0.5048526371649044,DG|VIS,0.0,,0.0,1.0,,
loso_allen,719161530_probeF,4class,geometry,logreg,model,0,36600,4100,0.3333333333333333,0.029950940277884627,0.8715686274509804,0.8292682926829268,0.7911547911547911,0.4665614416701305,0.26909106922748627,0.10448286426508104,0.08666937537148084,CA1|DG|VIS,0.5382352941176471,0.7647058823529411,1.0,0.85,,
loso_allen,719161530_probeF,4class,geometry,logreg,permuted,0,36600,4100,0.3333333333333333,0.029950940277884627,0.3333333333333333,0.4878048780487805,0.2185792349726776,1.027213166844921,0.606523953216775,0.04627415473767199,0.5017533422612406,CA1|DG|VIS,0.0,0.0,0.0,1.0,,
loso_allen,798911424_probeA,4class,geometry,logreg,model,0,32800,5300,0.3333333333333333,0.022039637339010088,0.9334795321637427,0.9245283018867925,0.9123925035118373,0.16466563687623076,0.09872427016880143,0.06526118028605549,0.06114246768437841,CA1|DG|VIS,0.6001461988304093,0.8421052631578947,1.0,0.9583333333333334,,
loso_allen,798911424_probeA,4class,geometry,logreg,permuted,0,32800,5300,0.3333333333333333,0.022039637339010088,0.3333333333333333,0.4528301886792453,0.20779220779220778,1.0839588631198918,0.6392633582152889,0.022546888369756546,0.494745934425873,CA1|DG|VIS,0.0,0.0,0.0,1.0,,
loso_allen,798911424_probeB,4class,geometry,logreg,model,0,35800,5700,0.3333333333333333,0.019989599196949003,0.8453159041394335,0.8596491228070176,0.8474120082815736,0.3975996436849241,0.25288339977496366,0.1571144750371962,0.13061388465869483,CA1|DG|VIS,0.5119825708061001,0.8888888888888888,0.6470588235294118,1.0,,
loso_allen,798911424_probeB,4class,geometry,logreg,permuted,0,35800,5700,0.3333333333333333,0.019989599196949003,0.3333333333333333,0.38596491228070173,0.18565400843881855,1.2592092776149035,0.7017646890958371,0.0631197242172073,0.47401135168834024,CA1|DG|VIS,0.0,0.0,0.0,1.0,,
loso_allen,798911424_probeC,4class,geometry,logreg,model,0,37600,3800,0.5,0.024891067019943206,0.8666666666666667,0.8947368421052632,0.9230769230769231,0.37298777987593207,0.23849361251678383,0.1624623746613435,0.16023415835176996,DG|VIS,0.3666666666666667,,0.7333333333333333,1.0,,
loso_allen,798911424_probeC,4class,geometry,logreg,permuted,0,37600,3800,0.5,0.024891067019943206,0.5,0.6052631578947368,0.3770491803278688,1.2576958616550744,0.6999487037178199,0.19041495712839462,0.5257868438158155,DG|VIS,0.0,,0.0,1.0,,
loso_allen,798911424_probeD,4class,geometry,logreg,model,0,32900,5500,0.3333333333333333,0.026463569540417495,0.6025641025641025,0.8181818181818182,0.6178723404255319,0.3380399140314374,0.21721437959742979,0.11416902939926951,0.10959016312606433,CA1|CA3|VIS,0.2692307692307692,0.8076923076923077,,1.0,0.0,
loso_allen,798911424_probeD,4class,geometry,logreg,permuted,0,32900,5500,0.3333333333333333,0.026463569540417495,0.3333333333333333,0.43636363636363634,0.20253164556962025,1.177966222368249,0.6471837466701995,0.06309849568159202,0.4743774410416334,CA1|CA3|VIS,0.0,0.0,,1.0,0.0,
loso_allen,798911424_probeE,4class,geometry,logreg,model,0,32400,6200,0.3333333333333333,0.019112158421861567,0.5833333333333334,0.6129032258064516,0.5506535947712418,8.64969505812517,0.6662583930968625,0.3133646206071725,0.31344060005692054,CA1|CA3|VIS,0.25000000000000006,0.75,,1.0,0.0,
loso_allen,798911424_probeE,4class,geometry,logreg,permuted,0,32400,6200,0.3333333333333333,0.019112158421861567,0.3333333333333333,0.3709677419354839,0.1803921568627451,9.15509684523502,0.8317101949448106,0.11043547870036385,0.47889281191273075,CA1|CA3|VIS,0.0,0.0,,1.0,0.0,
loso_allen,798911424_probeF,4class,geometry,logreg,model,0,34500,5700,0.25,0.021875,0.625,0.7719298245614035,0.5674603174603174,0.5446395934775144,0.3581598462811619,0.1754522781028398,0.18034936085651224,CA1|CA3|DG|VIS,0.375,1.0,0.5,1.0,0.0,
loso_allen,798911424_probeF,4class,geometry,logreg,permuted,0,34500,5700,0.25,0.021875,0.25,0.42105263157894735,0.14814814814814814,1.37082465353054,0.7146823904260362,0.03634360298689837,0.45806988601281695,CA1|CA3|DG|VIS,0.0,0.0,0.0,1.0,0.0,
loso_allen,719161530_probeA,5class,geometry,logreg,model,0,35500,5200,0.3333333333333333,0.02154269734821195,0.9121909633418585,0.9038461538461539,0.8973063973063974,0.27166810253962514,0.1482977238870309,0.10268391306468792,0.08116982908292154,CA1|DG|VIS,0.5788576300085251,0.8235294117647058,1.0,0.9130434782608695,,
loso_allen,719161530_probeA,5class,geometry,logreg,permuted,0,35500,5200,0.3333333333333333,0.02154269734821195,0.3333333333333333,0.4423076923076923,0.20444444444444443,1.2155361149819561,0.6712454059756614,0.007716924227750777,0.46471828501231544,CA1|DG|VIS,0.0,0.0,0.0,1.0,,
loso_allen,719161530_probeB,5class,geometry,logreg,model,0,35000,5400,0.3333333333333333,0.02076286784374165,0.9814814814814815,0.9814814814814815,0.9830687830687831,0.13717584891384033,0.06086820977633245,0.0896523754796394,0.08965237547963935,CA1|DG|VIS,0.6481481481481481,0.9444444444444444,1.0,1.0,,
loso_allen,719161530_probeB,5class,geometry,logreg,permuted,0,35000,5400,0.3333333333333333,0.02076286784374165,0.3333333333333333,0.4074074074074074,0.1929824561403509,1.1976200966087118,0.6799296758787308,0.23951233555509227,0.4974989247845678,CA1|DG|VIS,0.0,0.0,0.0,1.0,,
loso_allen,719161530_probeC,5class,geometry,logreg,model,0,36400,2900,0.5,0.03254617099987719,1.0,1.0,1.0,0.06993014298158166,0.022569489763847584,0.06318293080329726,0.06318293080329719,DG|VIS,0.5,,1.0,1.0,,
loso_allen,719161530_probeC,5class,geometry,logreg,permuted,0,36400,2900,0.5,0.03254617099987719,0.5,0.7586206896551724,0.43137254901960786,1.0684226526078149,0.5884686032086974,0.3275686132645776,0.505615247342848,DG|VIS,0.0,,0.0,1.0,,
loso_allen,719161530_probeF,5class,geometry,logreg,model,0,36800,4100,0.3333333333333333,0.029950940277884627,0.8715686274509804,0.8292682926829268,0.7911547911547911,0.5027772402563956,0.2657723063250707,0.12596473281336457,0.08688021523213593,CA1|DG|VIS,0.5382352941176471,0.7647058823529411,1.0,0.85,,
loso_allen,719161530_probeF,5class,geometry,logreg,permuted,0,36800,4100,0.3333333333333333,0.029950940277884627,0.3333333333333333,0.4878048780487805,0.2185792349726776,1.031465954527073,0.6039694958052202,0.051677468456566567,0.4991067716434149,CA1|DG|VIS,0.0,0.0,0.0,1.0,,
loso_allen,798911424_probeA,5class,geometry,logreg,model,0,32800,5300,0.3333333333333333,0.022039637339010088,0.9334795321637427,0.9245283018867925,0.9123925035118373,0.16466563687623076,0.09872427016880143,0.06526118028605549,0.06114246768437841,CA1|DG|VIS,0.6001461988304093,0.8421052631578947,1.0,0.9583333333333334,,
loso_allen,798911424_probeA,5class,geometry,logreg,permuted,0,32800,5300,0.3333333333333333,0.022039637339010088,0.3333333333333333,0.4528301886792453,0.20779220779220778,1.0839588631198918,0.6392633582152889,0.022546888369756546,0.494745934425873,CA1|DG|VIS,0.0,0.0,0.0,1.0,,
loso_allen,798911424_probeB,5class,geometry,logreg,model,0,36200,5700,0.3333333333333333,0.019989599196949003,0.8453159041394335,0.8596491228070176,0.8474120082815736,0.4080713508954831,0.2512201542546016,0.15679421182324296,0.13324897261276344,CA1|DG|VIS,0.5119825708061001,0.8888888888888888,0.6470588235294118,1.0,,
loso_allen,798911424_probeB,5class,geometry,logreg,permuted,0,36200,5700,0.3333333333333333,0.019989599196949003,0.3333333333333333,0.38596491228070173,0.18565400843881855,1.2739300092099246,0.7030531095677796,0.05819297544725027,0.47403642453948336,CA1|DG|VIS,0.0,0.0,0.0,1.0,,
loso_allen,798911424_probeC,5class,geometry,logreg,model,0,37800,3800,0.5,0.024891067019943206,0.8666666666666667,0.8947368421052632,0.9230769230769231,0.37498267507644495,0.2352152787014508,0.13230353403302553,0.16022092852803757,DG|VIS,0.3666666666666667,,0.7333333333333333,1.0,,
loso_allen,798911424_probeC,5class,geometry,logreg,permuted,0,37800,3800,0.5,0.024891067019943206,0.5,0.6052631578947368,0.3770491803278688,1.2440883182947906,0.6897503043937309,0.18846247418012535,0.5217328371186156,DG|VIS,0.0,,0.0,1.0,,
loso_allen,798911424_probeD,5class,geometry,logreg,model,0,33100,5700,0.25,0.03312182495668888,0.4423076923076923,0.7719298245614035,0.45739130434782604,0.5241315171308507,0.2652114206738412,0.13178750413284376,0.12143824666534168,CA1|CA2|CA3|VIS,0.1923076923076923,0.7692307692307693,,1.0,0.0,0.0
loso_allen,798911424_probeD,5class,geometry,logreg,permuted,0,33100,5700,0.25,0.03312182495668888,0.25,0.42105263157894735,0.14814814814814814,1.329342896286582,0.6718056236885563,0.053379871991971306,0.4598557659788586,CA1|CA2|CA3|VIS,0.0,0.0,,1.0,0.0,0.0
loso_allen,798911424_probeE,5class,geometry,logreg,model,0,32400,6400,0.25,0.030142859224741154,0.4375,0.59375,0.40406162464985995,9.242861497431525,0.7040371621016759,0.33272446515588805,0.3327311059687197,CA1|CA2|CA3|VIS,0.1875,0.75,,1.0,0.0,0.0
loso_allen,798911424_probeE,5class,geometry,logreg,permuted,0,32400,6400,0.25,0.030142859224741154,0.25,0.359375,0.13218390804597702,9.732469478694192,0.8484170573384353,0.12200845197766214,0.4638960355712023,CA1|CA2|CA3|VIS,0.0,0.0,,1.0,0.0,0.0
loso_allen,798911424_probeF,5class,geometry,logreg,model,0,34700,5700,0.25,0.021875,0.65625,0.7894736842105263,0.5922077922077922,0.5473938048532502,0.3582986939192391,0.16769314265922555,0.19865917847507733,CA1|CA3|DG|VIS,0.40625,1.0,0.625,1.0,0.0,
loso_allen,798911424_probeF,5class,geometry,logreg,permuted,0,34700,5700,0.25,0.021875,0.25,0.42105263157894735,0.14814814814814814,1.368812326915897,0.7161620042384407,0.03429422014687167,0.4601343108106916,CA1|CA3|DG|VIS,0.0,0.0,0.0,1.0,0.0,
loso_allen,719161530_probeA,4class,amplitude,constant,model,0,35100,5200,0.3333333333333333,0.02154269734821195,0.3333333333333333,0.4423076923076923,0.20444444444444443,1.196743314077476,0.6649174925528204,0.010683760683760701,0.010683760683760701,CA1|DG|VIS,0.0,0.0,0.0,1.0,,
loso_allen,719161530_probeA,4class,amplitude,constant,permuted,0,35100,5200,0.3333333333333333,0.02154269734821195,0.3333333333333333,0.4423076923076923,0.20444444444444443,1.196743314077476,0.6649174925528204,0.010683760683760701,0.010683760683760701,CA1|DG|VIS,0.0,0.0,0.0,1.0,,
loso_allen,719161530_probeB,4class,amplitude,constant,model,0,34600,5400,0.3333333333333333,0.02076286784374165,0.3333333333333333,0.4074074074074074,0.1929824561403509,1.1753981551342023,0.6727037940409587,0.05791051166773725,0.05791051166773725,CA1|DG|VIS,0.0,0.0,0.0,1.0,,
loso_allen,719161530_probeB,4class,amplitude,constant,permuted,0,34600,5400,0.3333333333333333,0.02076286784374165,0.3333333333333333,0.4074074074074074,0.1929824561403509,1.1753981551342023,0.6727037940409587,0.05791051166773725,0.05791051166773725,CA1|DG|VIS,0.0,0.0,0.0,1.0,,
loso_allen,719161530_probeC,4class,amplitude,constant,model,0,36000,2900,0.5,0.03254617099987719,0.5,0.7586206896551724,0.43137254901960786,1.0572246293071221,0.5859237973605791,0.3197318007662833,0.3197318007662833,DG|VIS,0.0,,0.0,1.0,,
loso_allen,719161530_probeC,4class,amplitude,constant,permuted,0,36000,2900,0.5,0.03254617099987719,0.5,0.7586206896551724,0.43137254901960786,1.0572246293071221,0.5859237973605791,0.3197318007662833,0.3197318007662833,DG|VIS,0.0,,0.0,1.0,,
loso_allen,719161530_probeF,4class,amplitude,constant,model,0,36600,4100,0.3333333333333333,0.029950940277884627,0.3333333333333333,0.4878048780487805,0.2185792349726776,1.034578853194063,0.6068727336023696,0.04518192722910841,0.04518192722910841,CA1|DG|VIS,0.0,0.0,0.0,1.0,,
loso_allen,719161530_probeF,4class,amplitude,constant,permuted,0,36600,4100,0.3333333333333333,0.029950940277884627,0.3333333333333333,0.4878048780487805,0.2185792349726776,1.034578853194063,0.6068727336023696,0.04518192722910841,0.04518192722910841,CA1|DG|VIS,0.0,0.0,0.0,1.0,,
loso_allen,798911424_probeA,4class,amplitude,constant,model,0,32800,5300,0.3333333333333333,0.022039637339010088,0.3333333333333333,0.4528301886792453,0.20779220779220778,1.089858947604099,0.6434971743010113,0.022779567418315716,0.022779567418315716,CA1|DG|VIS,0.0,0.0,0.0,1.0,,
loso_allen,798911424_probeA,4class,amplitude,constant,permuted,0,32800,5300,0.3333333333333333,0.022039637339010088,0.3333333333333333,0.4528301886792453,0.20779220779220778,1.089858947604099,0.6434971743010113,0.022779567418315716,0.022779567418315716,CA1|DG|VIS,0.0,0.0,0.0,1.0,,
loso_allen,798911424_probeB,4class,amplitude,constant,model,0,35800,5700,0.3333333333333333,0.019989599196949003,0.3333333333333333,0.38596491228070173,0.18565400843881855,1.2601712423993434,0.7009905619828104,0.0637557581103596,0.0637557581103596,CA1|DG|VIS,0.0,0.0,0.0,1.0,,
loso_allen,798911424_probeB,4class,amplitude,constant,permuted,0,35800,5700,0.3333333333333333,0.019989599196949003,0.3333333333333333,0.38596491228070173,0.18565400843881855,1.2601712423993434,0.7009905619828104,0.0637557581103596,0.0637557581103596,CA1|DG|VIS,0.0,0.0,0.0,1.0,,
loso_allen,798911424_probeC,4class,amplitude,constant,model,0,37600,3800,0.5,0.024891067019943206,0.5,0.6052631578947368,0.3770491803278688,1.2176024379147685,0.677373216030116,0.18505039193728984,0.18505039193728984,DG|VIS,0.0,,0.0,1.0,,
loso_allen,798911424_probeC,4class,amplitude,constant,permuted,0,37600,3800,0.5,0.024891067019943206,0.5,0.6052631578947368,0.3770491803278688,1.2176024379147685,0.677373216030116,0.18505039193728984,0.18505039193728984,DG|VIS,0.0,,0.0,1.0,,
loso_allen,798911424_probeD,4class,amplitude,constant,model,0,32900,5500,0.3333333333333333,0.026463569540417495,0.3333333333333333,0.43636363636363634,0.20253164556962025,1.1896133617902864,0.6545995426031641,0.0408400110527769,0.0408400110527769,CA1|CA3|VIS,0.0,0.0,,1.0,0.0,
loso_allen,798911424_probeD,4class,amplitude,constant,permuted,0,32900,5500,0.3333333333333333,0.026463569540417495,0.3333333333333333,0.43636363636363634,0.20253164556962025,1.1896133617902864,0.6545995426031641,0.0408400110527769,0.0408400110527769,CA1|CA3|VIS,0.0,0.0,,1.0,0.0,
loso_allen,798911424_probeE,4class,amplitude,constant,model,0,32400,6200,0.3333333333333333,0.019112158421861567,0.3333333333333333,0.3709677419354839,0.1803921568627451,9.155515432585975,0.8322830164559887,0.11051373954599769,0.11051373954599769,CA1|CA3|VIS,0.0,0.0,,1.0,0.0,
loso_allen,798911424_probeE,4class,amplitude,constant,permuted,0,32400,6200,0.3333333333333333,0.019112158421861567,0.3333333333333333,0.3709677419354839,0.1803921568627451,9.155515432585975,0.8322830164559887,0.11051373954599769,0.11051373954599769,CA1|CA3|VIS,0.0,0.0,,1.0,0.0,
loso_allen,798911424_probeF,4class,amplitude,constant,model,0,34500,5700,0.25,0.021875,0.25,0.42105263157894735,0.14814814814814814,1.3691203151566467,0.7175821090217667,0.03981693363844413,0.03981693363844413,CA1|CA3|DG|VIS,0.0,0.0,0.0,1.0,0.0,
loso_allen,798911424_probeF,4class,amplitude,constant,permuted,0,34500,5700,0.25,0.021875,0.25,0.42105263157894735,0.14814814814814814,1.3691203151566467,0.7175821090217667,0.03981693363844413,0.03981693363844413,CA1|CA3|DG|VIS,0.0,0.0,0.0,1.0,0.0,
loso_allen,719161530_probeA,5class,amplitude,constant,model,0,35500,5200,0.3333333333333333,0.02154269734821195,0.3333333333333333,0.4423076923076923,0.20444444444444443,1.2080748800870256,0.6650515007706042,0.005579631635969695,0.005579631635969695,CA1|DG|VIS,0.0,0.0,0.0,1.0,,
loso_allen,719161530_probeA,5class,amplitude,constant,permuted,0,35500,5200,0.3333333333333333,0.02154269734821195,0.3333333333333333,0.4423076923076923,0.20444444444444443,1.2080748800870256,0.6650515007706042,0.005579631635969695,0.005579631635969695,CA1|DG|VIS,0.0,0.0,0.0,1.0,,
loso_allen,719161530_probeB,5class,amplitude,constant,model,0,35000,5400,0.3333333333333333,0.02076286784374165,0.3333333333333333,0.4074074074074074,0.1929824561403509,1.1868925345599373,0.6727794406651549,0.052592592592592635,0.052592592592592635,CA1|DG|VIS,0.0,0.0,0.0,1.0,,
loso_allen,719161530_probeB,5class,amplitude,constant,permuted,0,35000,5400,0.3333333333333333,0.02076286784374165,0.3333333333333333,0.4074074074074074,0.1929824561403509,1.1868925345599373,0.6727794406651549,0.052592592592592635,0.052592592592592635,CA1|DG|VIS,0.0,0.0,0.0,1.0,,
loso_allen,719161530_probeC,5class,amplitude,constant,model,0,36400,2900,0.5,0.03254617099987719,0.5,0.7586206896551724,0.43137254901960786,1.0682744654937073,0.5869834977451499,0.32455475558923813,0.32455475558923813,DG|VIS,0.0,,0.0,1.0,,
loso_allen,719161530_probeC,5class,amplitude,constant,permuted,0,36400,2900,0.5,0.03254617099987719,0.5,0.7586206896551724,0.43137254901960786,1.0682744654937073,0.5869834977451499,0.32455475558923813,0.32455475558923813,DG|VIS,0.0,,0.0,1.0,,
loso_allen,719161530_probeF,5class,amplitude,constant,model,0,36800,4100,0.3333333333333333,0.029950940277884627,0.3333333333333333,0.4878048780487805,0.2185792349726776,1.040028457961628,0.6072144866061135,0.047587486744432805,0.047587486744432805,CA1|DG|VIS,0.0,0.0,0.0,1.0,,
loso_allen,719161530_probeF,5class,amplitude,constant,permuted,0,36800,4100,0.3333333333333333,0.029950940277884627,0.3333333333333333,0.4878048780487805,0.2185792349726776,1.040028457961628,0.6072144866061135,0.047587486744432805,0.047587486744432805,CA1|DG|VIS,0.0,0.0,0.0,1.0,,
loso_allen,798911424_probeA,5class,amplitude,constant,model,0,32800,5300,0.3333333333333333,0.022039637339010088,0.3333333333333333,0.4528301886792453,0.20779220779220778,1.089858947604099,0.6434971743010113,0.022779567418315716,0.022779567418315716,CA1|DG|VIS,0.0,0.0,0.0,1.0,,
loso_allen,798911424_probeA,5class,amplitude,constant,permuted,0,32800,5300,0.3333333333333333,0.022039637339010088,0.3333333333333333,0.4528301886792453,0.20779220779220778,1.089858947604099,0.6434971743010113,0.022779567418315716,0.022779567418315716,CA1|DG|VIS,0.0,0.0,0.0,1.0,,
loso_allen,798911424_probeB,5class,amplitude,constant,model,0,36200,5700,0.3333333333333333,0.019989599196949003,0.3333333333333333,0.38596491228070173,0.18565400843881855,1.2712824678244141,0.7007813633776147,0.05878646893476791,0.05878646893476791,CA1|DG|VIS,0.0,0.0,0.0,1.0,,
loso_allen,798911424_probeB,5class,amplitude,constant,permuted,0,36200,5700,0.3333333333333333,0.019989599196949003,0.3333333333333333,0.38596491228070173,0.18565400843881855,1.2712824678244141,0.7007813633776147,0.05878646893476791,0.05878646893476791,CA1|DG|VIS,0.0,0.0,0.0,1.0,,
loso_allen,798911424_probeC,5class,amplitude,constant,model,0,37800,3800,0.5,0.024891067019943206,0.5,0.6052631578947368,0.3770491803278688,1.2229074901444617,0.677410752041774,0.18727373990531893,0.18727373990531893,DG|VIS,0.0,,0.0,1.0,,
loso_allen,798911424_probeC,5class,amplitude,constant,permuted,0,37800,3800,0.5,0.024891067019943206,0.5,0.6052631578947368,0.3770491803278688,1.2229074901444617,0.677410752041774,0.18727373990531893,0.18727373990531893,DG|VIS,0.0,,0.0,1.0,,
loso_allen,798911424_probeD,5class,amplitude,constant,model,0,33100,5700,0.25,0.03312182495668888,0.25,0.42105263157894735,0.14814814814814814,1.3329826603814563,0.6782497357476257,0.05326761011289566,0.05326761011289566,CA1|CA2|CA3|VIS,0.0,0.0,,1.0,0.0,0.0
loso_allen,798911424_probeD,5class,amplitude,constant,permuted,0,33100,5700,0.25,0.03312182495668888,0.25,0.42105263157894735,0.14814814814814814,1.3329826603814563,0.6782497357476257,0.05326761011289566,0.05326761011289566,CA1|CA2|CA3|VIS,0.0,0.0,,1.0,0.0,0.0
loso_allen,798911424_probeE,5class,amplitude,constant,model,0,32400,6400,0.25,0.030142859224741154,0.25,0.359375,0.13218390804597702,9.73287498519043,0.848984529797287,0.12210648148148151,0.12210648148148151,CA1|CA2|CA3|VIS,0.0,0.0,,1.0,0.0,0.0
loso_allen,798911424_probeE,5class,amplitude,constant,permuted,0,32400,6400,0.25,0.030142859224741154,0.25,0.359375,0.13218390804597702,9.73287498519043,0.848984529797287,0.12210648148148151,0.12210648148148151,CA1|CA2|CA3|VIS,0.0,0.0,,1.0,0.0,0.0
loso_allen,798911424_probeF,5class,amplitude,constant,model,0,34700,5700,0.25,0.021875,0.25,0.42105263157894735,0.14814814814814814,1.374900678072146,0.7173302456117038,0.037160624905202555,0.037160624905202555,CA1|CA3|DG|VIS,0.0,0.0,0.0,1.0,0.0,
loso_allen,798911424_probeF,5class,amplitude,constant,permuted,0,34700,5700,0.25,0.021875,0.25,0.42105263157894735,0.14814814814814814,1.374900678072146,0.7173302456117038,0.037160624905202555,0.037160624905202555,CA1|CA3|DG|VIS,0.0,0.0,0.0,1.0,0.0,
loso_allen,719161530_probeA,4class,amplitude,logreg,model,0,35100,5200,0.3333333333333333,0.02154269734821195,0.5846376811594203,0.6603846153846153,0.5051675671697486,0.8482679675313562,0.4498105356966651,0.10826902852446957,0.10723760145310579,CA1|DG|VIS,0.25130434782608696,1.0,0.0,0.7539130434782608,,
loso_allen,719161530_probeA,4class,amplitude,logreg,permuted,0,35100,5200,0.3333333333333333,0.02154269734821195,0.3333333333333333,0.4423076923076923,0.20444444444444443,1.1964521261300403,0.6653502176190074,0.010815193908581322,0.3090364391715497,CA1|DG|VIS,0.0,0.0,0.0,1.0,,
loso_allen,719161530_probeB,4class,amplitude,logreg,model,0,34600,5400,0.3333333333333333,0.02076286784374165,0.6417171717171717,0.7114814814814815,0.5523798201000082,0.7078257800686286,0.3962197287878522,0.11815379419543745,0.11972288250182826,CA1|DG|VIS,0.30838383838383837,0.9833333333333333,0.0,0.9418181818181818,,
loso_allen,719161530_probeB,4class,amplitude,logreg,permuted,0,34600,5400,0.3333333333333333,0.02076286784374165,0.3333333333333333,0.4074074074074074,0.1929824561403509,1.1711750450920668,0.6701265912839739,0.18752567534817224,0.19396261346894822,CA1|DG|VIS,0.0,0.0,0.0,1.0,,
loso_allen,719161530_probeC,4class,amplitude,logreg,model,0,36000,2900,0.5,0.03254617099987719,0.4784090909090909,0.7258620689655172,0.4440928270042194,0.6264119821176366,0.3171260313459376,0.1363587361271808,0.13531105670992336,DG|VIS,-0.021590909090909105,,0.0,0.9568181818181818,,
loso_allen,719161530_probeC,4class,amplitude,logreg,permuted,0,36000,2900,0.5,0.03254617099987719,0.5,0.7586206896551724,0.43137254901960786,1.0565488997117674,0.5853023283365381,0.319424069393348,0.319424069393348,DG|VIS,0.0,,0.0,1.0,,
loso_allen,719161530_probeF,4class,amplitude,logreg,model,0,36600,4100,0.3333333333333333,0.029950940277884627,0.6119411764705882,0.8326829268292683,0.5805229508070981,0.49330471790167396,0.2809293061565096,0.1752449603972161,0.18339974148357616,CA1|DG|VIS,0.2786078431372549,0.8588235294117647,0.0,0.977,,
loso_allen,719161530_probeF,4class,amplitude,logreg,permuted,0,36600,4100,0.3333333333333333,0.029950940277884627,0.3333333333333333,0.4878048780487805,0.2185792349726776,1.0394129129753706,0.6102172392045107,0.04505591262556702,0.3251339178232689,CA1|DG|VIS,0.0,0.0,0.0,1.0,,
loso_allen,798911424_probeA,4class,amplitude,logreg,model,0,32800,5300,0.3333333333333333,0.022039637339010088,0.5815599415204679,0.6358490566037736,0.5870991269752642,0.7930616598116688,0.46328184107769765,0.10292765421286985,0.13616239037571912,CA1|DG|VIS,0.24822660818713455,0.7552631578947369,0.314,0.6754166666666667,,
loso_allen,798911424_probeA,4class,amplitude,logreg,permuted,0,32800,5300,0.3333333333333333,0.022039637339010088,0.3333333333333333,0.4528301886792453,0.20779220779220778,1.0910868635812987,0.6444333025373146,0.023272790168448132,0.12753359270110248,CA1|DG|VIS,0.0,0.0,0.0,1.0,,
loso_allen,798911424_probeB,4class,amplitude,logreg,model,0,35800,5700,0.3333333333333333,0.019989599196949003,0.5926599326599327,0.6294736842105263,0.4897697273943207,0.8002467051454251,0.46420475385827664,0.09603951695973983,0.10070312835515292,CA1|DG|VIS,0.25932659932659935,0.8088888888888889,0.0,0.9690909090909091,,
loso_allen,798911424_probeB,4class,amplitude,logreg,permuted,0,35800,5700,0.3333333333333333,0.019989599196949003,0.3333333333333333,0.38596491228070173,0.18565400843881855,1.2619162676478695,0.7025771828055287,0.06399063245029885,0.1946031357289429,CA1|DG|VIS,0.0,0.0,0.0,1.0,,
loso_allen,798911424_probeC,4class,amplitude,logreg,model,0,37600,3800,0.5,0.024891067019943206,0.475,0.575,0.4062093325897007,1.1347308511381713,0.5719543265522288,0.21530258165994984,0.21960665519772693,DG|VIS,-0.025000000000000022,,0.0,0.95,,
loso_allen,798911424_probeC,4class,amplitude,logreg,permuted,0,37600,3800,0.5,0.024891067019943206,0.5,0.6052631578947368,0.3770491803278688,1.2238974295137128,0.681081347455499,0.18776050165420394,0.24269330472506886,DG|VIS,0.0,,0.0,1.0,,
loso_allen,798911424_probeD,4class,amplitude,logreg,model,0,32900,5500,0.3333333333333333,0.026463569540417495,0.36250000000000004,0.4778181818181818,0.2731382465254707,1.3605553092210125,0.688969923779036,0.27621847543152456,0.2791837051532327,CA1|CA3|VIS,0.02916666666666673,0.09,,0.9975,0.0,
loso_allen,798911424_probeD,4class,amplitude,logreg,permuted,0,32900,5500,0.3333333333333333,0.026463569540417495,0.3333333333333333,0.43636363636363634,0.20253164556962025,1.1875731427780056,0.653136920339752,0.04243406068991009,0.17521961916822792,CA1|CA3|VIS,0.0,0.0,,1.0,0.0,
loso_allen,798911424_probeE,4class,amplitude,logreg,model,0,32400,6200,0.3333333333333333,0.019112158421861567,0.4800144927536232,0.5116129032258064,0.44434513130775083,8.88922344632157,0.6703622289148342,0.18222738391969232,0.1836577686563686,CA1|CA3|VIS,0.14668115942028986,0.467,,0.9730434782608696,0.0,
loso_allen,798911424_probeE,4class,amplitude,logreg,permuted,0,32400,6200,0.3333333333333333,0.019112158421861567,0.3333333333333333,0.3709677419354839,0.1803921568627451,9.160697687425275,0.8361151735152145,0.11089134062619574,0.411439668309103,CA1|CA3|VIS,0.0,0.0,,1.0,0.0,
loso_allen,798911424_probeF,4class,amplitude,logreg,model,0,34500,5700,0.25,0.021875,0.4502083333333333,0.6040350877192983,0.41757472808208984,1.0117845159615193,0.522188394902779,0.11294520473127785,0.119070565790079,CA1|CA3|DG|VIS,0.20020833333333332,0.59625,0.25125,0.9533333333333334,0.0,
loso_allen,798911424_probeF,4class,amplitude,logreg,permuted,0,34500,5700,0.25,0.021875,0.25,0.42105263157894735,0.14814814814814814,1.3634565628442703,0.7136697684700518,0.15381811346863114,0.2177944262763435,CA1|CA3|DG|VIS,0.0,0.0,0.0,1.0,0.0,
loso_allen,719161530_probeA,5class,amplitude,logreg,model,0,35500,5200,0.3333333333333333,0.02154269734821195,0.5842028985507247,0.6598076923076923,0.5047836450554218,0.8638546560661761,0.4506156640601924,0.11640665426205483,0.11426538812123209,CA1|DG|VIS,0.2508695652173914,1.0,0.0,0.7526086956521739,,
loso_allen,719161530_probeA,5class,amplitude,logreg,permuted,0,35500,5200,0.3333333333333333,0.02154269734821195,0.3333333333333333,0.4423076923076923,0.20444444444444443,1.2150353205901234,0.6701414481388465,0.006950584803975475,0.3029803758694869,CA1|DG|VIS,0.0,0.0,0.0,1.0,,
loso_allen,719161530_probeB,5class,amplitude,logreg,model,0,35000,5400,0.3333333333333333,0.02076286784374165,0.6415656565656566,0.7112962962962963,0.5522539795482381,0.7228230221277239,0.39829862757720663,0.12610546317882926,0.12688696937564742,CA1|DG|VIS,0.30823232323232325,0.9833333333333333,0.0,0.9413636363636364,,
loso_allen,719161530_probeB,5class,amplitude,logreg,permuted,0,35000,5400,0.3333333333333333,0.02076286784374165,0.3333333333333333,0.4074074074074074,0.1929824561403509,1.1914170669092599,0.6758999178553998,0.05361542395052944,0.3374864882837493,CA1|DG|VIS,0.0,0.0,0.0,1.0,,
loso_allen,719161530_probeC,5class,amplitude,logreg,model,0,36400,2900,0.5,0.03254617099987719,0.47795454545454547,0.7251724137931035,0.44423320659062104,0.6322793368204751,0.3169891574937345,0.1338314496040658,0.13563297312096692,DG|VIS,-0.022045454545454535,,0.0,0.9559090909090909,,
loso_allen,719161530_probeC,5class,amplitude,logreg,permuted,0,36400,2900,0.5,0.03254617099987719,0.5,0.7586206896551724,0.43137254901960786,1.0656352947350922,0.5847421051367366,0.32338183734790193,0.36735903657284064,DG|VIS,0.0,,0.0,1.0,,
loso_allen,719161530_probeF,5class,amplitude,logreg,model,0,36800,4100,0.3333333333333333,0.029950940277884627,0.6123333333333333,0.833170731707317,0.5808910648093296,0.49651544602933717,0.28128951972627475,0.17763783209827308,0.18609197593065394,CA1|DG|VIS,0.27899999999999997,0.86,0.0,0.977,,
loso_allen,719161530_probeF,5class,amplitude,logreg,permuted,0,36800,4100,0.3333333333333333,0.029950940277884627,0.3333333333333333,0.4878048780487805,0.2185792349726776,1.0428371160411976,0.6094191716749271,0.04748954711187209,0.39863197248721155,CA1|DG|VIS,0.0,0.0,0.0,1.0,,
loso_allen,798911424_probeA,5class,amplitude,logreg,model,0,32800,5300,0.3333333333333333,0.022039637339010088,0.5815599415204679,0.6358490566037736,0.5870991269752642,0.7930616598116688,0.46328184107769765,0.10292765421286985,0.13616239037571912,CA1|DG|VIS,0.24822660818713455,0.7552631578947369,0.314,0.6754166666666667,,
loso_allen,798911424_probeA,5class,amplitude,logreg,permuted,0,32800,5300,0.3333333333333333,0.022039637339010088,0.3333333333333333,0.4528301886792453,0.20779220779220778,1.0910868635812987,0.6444333025373146,0.023272790168448132,0.12753359270110248,CA1|DG|VIS,0.0,0.0,0.0,1.0,,
loso_allen,798911424_probeB,5class,amplitude,logreg,model,0,36200,5700,0.3333333333333333,0.019989599196949003,0.5926936026936027,0.6294736842105263,0.48980162972143765,0.8124424459167034,0.46350227903223035,0.10156434292791577,0.10062287516313356,CA1|DG|VIS,0.2593602693602694,0.8094444444444444,0.0,0.9686363636363636,,
loso_allen,798911424_probeB,5class,amplitude,logreg,permuted,0,36200,5700,0.3333333333333333,0.019989599196949003,0.3333333333333333,0.38596491228070173,0.18565400843881855,1.2762003557108412,0.7028597875033687,0.05926092518860676,0.3891708174401219,CA1|DG|VIS,0.0,0.0,0.0,1.0,,
loso_allen,798911424_probeC,5class,amplitude,logreg,model,0,37800,3800,0.5,0.024891067019943206,0.475,0.575,0.4062093325897007,1.1363681630332234,0.5714797994796705,0.21438965476394112,0.21871727647820596,DG|VIS,-0.025000000000000022,,0.0,0.95,,
loso_allen,798911424_probeC,5class,amplitude,logreg,permuted,0,37800,3800,0.5,0.024891067019943206,0.5,0.6052631578947368,0.3770491803278688,1.2282905695689394,0.6802415893308853,0.18965420456735546,0.19830019639032948,DG|VIS,0.0,,0.0,1.0,,
loso_allen,798911424_probeD,5class,amplitude,logreg,model,0,33100,5700,0.25,0.03312182495668888,0.2712019230769231,0.45982456140350875,0.1994722698816765,1.5688039272862635,0.7168375563647269,0.28905546070991567,0.29223752496980937,CA1|CA2|CA3|VIS,0.02120192307692309,0.08730769230769231,,0.9975,0.0,0.0
loso_allen,798911424_probeD,5class,amplitude,logreg,permuted,0,33100,5700,0.25,0.03312182495668888,0.25,0.42105263157894735,0.14814814814814814,1.3334731523617886,0.6786038889868656,0.05287639488245205,0.21710093117849907,CA1|CA2|CA3|VIS,0.0,0.0,,1.0,0.0,0.0
loso_allen,798911424_probeE,5class,amplitude,logreg,model,0,32400,6400,0.25,0.030142859224741154,0.3600108695652174,0.495625,0.3251100190985423,9.474904623496787,0.697509532606696,0.19362575976802157,0.19501789267935268,CA1|CA2|CA3|VIS,0.11001086956521738,0.467,,0.9730434782608696,0.0,0.0
loso_allen,798911424_probeE,5class,amplitude,logreg,permuted,0,32400,6400,0.25,0.030142859224741154,0.25,0.359375,0.13218390804597702,9.737895294566002,0.8527455243027355,0.12258726133087994,0.41150129229291477,CA1|CA2|CA3|VIS,0.0,0.0,,1.0,0.0,0.0
loso_allen,798911424_probeF,5class,amplitude,logreg,model,0,34700,5700,0.25,0.021875,0.4508333333333333,0.6043859649122807,0.4183115357745898,1.0177427757947495,0.5231219061426906,0.10895088863428562,0.11987640741408909,CA1|CA3|DG|VIS,0.2008333333333333,0.59625,0.25375,0.9533333333333334,0.0,
loso_allen,798911424_probeF,5class,amplitude,logreg,permuted,0,34700,5700,0.25,0.021875,0.25,0.42105263157894735,0.14814814814814814,1.3740458189535565,0.7160841803684633,0.06272725301227074,0.17196747798882142,CA1|CA3|DG|VIS,0.0,0.0,0.0,1.0,0.0,
loso_ibl,0802ced5_probe00,4class,bandpower_full,constant,model,0,74700,21500,0.25,0.011344356852717015,0.25,0.15348837209302327,0.06653225806451613,1.559428221446253,0.755662363868683,0.19590921826842247,0.19590921826842247,CA1|CA3|DG|VIS,0.0,0.0,1.0,0.0,0.0,
loso_ibl,0802ced5_probe00,4class,bandpower_full,constant,permuted,0,74700,21500,0.25,0.011344356852717015,0.25,0.15348837209302327,0.06653225806451613,1.559428221446253,0.755662363868683,0.19590921826842247,0.19590921826842247,CA1|CA3|DG|VIS,0.0,0.0,1.0,0.0,0.0,
loso_ibl,0802ced5_probe01,4class,bandpower_full,constant,model,0,75900,18300,0.3333333333333333,0.0111934974006327,0.3333333333333333,0.34972677595628415,0.17273954116059378,1.1724297273499018,0.6763821720084274,0.031037387416574913,0.031037387416574913,CA1|DG|VIS,0.0,0.0,0.0,1.0,,
loso_ibl,0802ced5_probe01,4class,bandpower_full,constant,permuted,0,75900,18300,0.3333333333333333,0.0111934974006327,0.3333333333333333,0.34972677595628415,0.17273954116059378,1.1724297273499018,0.6763821720084274,0.031037387416574913,0.031037387416574913,CA1|DG|VIS,0.0,0.0,0.0,1.0,,
loso_ibl,0a018f12_probe00,4class,bandpower_full,constant,model,0,78200,18000,0.3333333333333333,0.011201664026399284,0.3333333333333333,0.3277777777777778,0.16457461645746166,1.1604369640382894,0.6761399752458157,0.049460073884626254,0.049460073884626254,CA1|DG|VIS,0.0,0.0,0.0,1.0,,
loso_ibl,0a018f12_probe00,4class,bandpower_full,constant,permuted,0,78200,18000,0.3333333333333333,0.011201664026399284,0.3333333333333333,0.3277777777777778,0.16457461645746166,1.1604369640382894,0.6761399752458157,0.049460073884626254,0.049460073884626254,CA1|DG|VIS,0.0,0.0,0.0,1.0,,
loso_ibl,3638d102_probe01,4class,bandpower_full,constant,model,0,75500,18700,0.3333333333333333,0.011120068074364232,0.3333333333333333,0.3315508021390374,0.16599732262382863,1.1825155849369005,0.682496100297693,0.05387966143712164,0.05387966143712164,CA1|DG|VIS,0.0,0.0,0.0,1.0,,
loso_ibl,3638d102_probe01,4class,bandpower_full,constant,permuted,0,75500,18700,0.3333333333333333,0.011120068074364232,0.3333333333333333,0.3315508021390374,0.16599732262382863,1.1825155849369005,0.682496100297693,0.05387966143712164,0.05387966143712164,CA1|DG|VIS,0.0,0.0,0.0,1.0,,
loso_ibl,54238fd6_probe00,4class,bandpower_full,constant,model,0,76500,17700,0.25,0.01270338188330632,0.25,0.4180790960451977,0.14741035856573706,1.3489095684646621,0.7190985938336044,0.05337321369225667,0.05337321369225667,CA1|CA3|DG|VIS,0.0,0.0,0.0,1.0,0.0,
loso_ibl,54238fd6_probe00,4class,bandpower_full,constant,permuted,0,76500,17700,0.25,0.01270338188330632,0.25,0.4180790960451977,0.14741035856573706,1.3489095684646621,0.7190985938336044,0.05337321369225667,0.05337321369225667,CA1|CA3|DG|VIS,0.0,0.0,0.0,1.0,0.0,
loso_ibl,5dcee0eb_probe00,4class,bandpower_full,constant,model,0,76200,20100,0.3333333333333333,0.01063317023904976,0.3333333333333333,0.36318407960199006,0.17761557177615572,1.1846536442312456,0.6774355124166301,0.022642692051553337,0.022642692051553337,CA1|DG|VIS,0.0,0.0,0.0,1.0,,
loso_ibl,5dcee0eb_probe00,4class,bandpower_full,constant,permuted,0,76200,20100,0.3333333333333333,0.01063317023904976,0.3333333333333333,0.36318407960199006,0.17761557177615572,1.1846536442312456,0.6774355124166301,0.022642692051553337,0.022642692051553337,CA1|DG|VIS,0.0,0.0,0.0,1.0,,
loso_ibl,d2832a38_probe00,4class,bandpower_full,constant,model,0,76500,18300,0.25,0.0146393981472036,0.25,0.34972677595628415,0.12955465587044535,1.2502051724863368,0.6974508473341834,0.014979106396656894,0.014979106396656894,CA1|CA3|DG|VIS,0.0,0.0,0.0,1.0,0.0,
loso_ibl,d2832a38_probe00,4class,bandpower_full,constant,permuted,0,76500,18300,0.25,0.0146393981472036,0.25,0.34972677595628415,0.12955465587044535,1.2502051724863368,0.6974508473341834,0.014979106396656894,0.014979106396656894,CA1|CA3|DG|VIS,0.0,0.0,0.0,1.0,0.0,
loso_ibl,0802ced5_probe00,5class,bandpower_full,constant,model,0,74700,21500,0.25,0.011344356852717015,0.25,0.15348837209302327,0.06653225806451613,1.559428221446253,0.755662363868683,0.19590921826842247,0.19590921826842247,CA1|CA3|DG|VIS,0.0,0.0,1.0,0.0,0.0,
loso_ibl,0802ced5_probe00,5class,bandpower_full,constant,permuted,0,74700,21500,0.25,0.011344356852717015,0.25,0.15348837209302327,0.06653225806451613,1.559428221446253,0.755662363868683,0.19590921826842247,0.19590921826842247,CA1|CA3|DG|VIS,0.0,0.0,1.0,0.0,0.0,
loso_ibl,0802ced5_probe01,5class,bandpower_full,constant,model,0,75900,18300,0.3333333333333333,0.0111934974006327,0.3333333333333333,0.34972677595628415,0.17273954116059378,1.1724297273499018,0.6763821720084274,0.031037387416574913,0.031037387416574913,CA1|DG|VIS,0.0,0.0,0.0,1.0,,
loso_ibl,0802ced5_probe01,5class,bandpower_full,constant,permuted,0,75900,18300,0.3333333333333333,0.0111934974006327,0.3333333333333333,0.34972677595628415,0.17273954116059378,1.1724297273499018,0.6763821720084274,0.031037387416574913,0.031037387416574913,CA1|DG|VIS,0.0,0.0,0.0,1.0,,
loso_ibl,0a018f12_probe00,5class,bandpower_full,constant,model,0,78200,18000,0.3333333333333333,0.011201664026399284,0.3333333333333333,0.3277777777777778,0.16457461645746166,1.1604369640382894,0.6761399752458157,0.049460073884626254,0.049460073884626254,CA1|DG|VIS,0.0,0.0,0.0,1.0,,
loso_ibl,0a018f12_probe00,5class,bandpower_full,constant,permuted,0,78200,18000,0.3333333333333333,0.011201664026399284,0.3333333333333333,0.3277777777777778,0.16457461645746166,1.1604369640382894,0.6761399752458157,0.049460073884626254,0.049460073884626254,CA1|DG|VIS,0.0,0.0,0.0,1.0,,
loso_ibl,3638d102_probe01,5class,bandpower_full,constant,model,0,75500,18700,0.3333333333333333,0.011120068074364232,0.3333333333333333,0.3315508021390374,0.16599732262382863,1.1825155849369005,0.682496100297693,0.05387966143712164,0.05387966143712164,CA1|DG|VIS,0.0,0.0,0.0,1.0,,
loso_ibl,3638d102_probe01,5class,bandpower_full,constant,permuted,0,75500,18700,0.3333333333333333,0.011120068074364232,0.3333333333333333,0.3315508021390374,0.16599732262382863,1.1825155849369005,0.682496100297693,0.05387966143712164,0.05387966143712164,CA1|DG|VIS,0.0,0.0,0.0,1.0,,
loso_ibl,54238fd6_probe00,5class,bandpower_full,constant,model,0,76500,17700,0.25,0.01270338188330632,0.25,0.4180790960451977,0.14741035856573706,1.3489095684646621,0.7190985938336044,0.05337321369225667,0.05337321369225667,CA1|CA3|DG|VIS,0.0,0.0,0.0,1.0,0.0,
loso_ibl,54238fd6_probe00,5class,bandpower_full,constant,permuted,0,76500,17700,0.25,0.01270338188330632,0.25,0.4180790960451977,0.14741035856573706,1.3489095684646621,0.7190985938336044,0.05337321369225667,0.05337321369225667,CA1|CA3|DG|VIS,0.0,0.0,0.0,1.0,0.0,
loso_ibl,5dcee0eb_probe00,5class,bandpower_full,constant,model,0,76200,20100,0.3333333333333333,0.01063317023904976,0.3333333333333333,0.36318407960199006,0.17761557177615572,1.1846536442312456,0.6774355124166301,0.022642692051553337,0.022642692051553337,CA1|DG|VIS,0.0,0.0,0.0,1.0,,
loso_ibl,5dcee0eb_probe00,5class,bandpower_full,constant,permuted,0,76200,20100,0.3333333333333333,0.01063317023904976,0.3333333333333333,0.36318407960199006,0.17761557177615572,1.1846536442312456,0.6774355124166301,0.022642692051553337,0.022642692051553337,CA1|DG|VIS,0.0,0.0,0.0,1.0,,
loso_ibl,d2832a38_probe00,5class,bandpower_full,constant,model,0,76500,18300,0.25,0.0146393981472036,0.25,0.34972677595628415,0.12955465587044535,1.2502051724863368,0.6974508473341834,0.014979106396656894,0.014979106396656894,CA1|CA3|DG|VIS,0.0,0.0,0.0,1.0,0.0,
loso_ibl,d2832a38_probe00,5class,bandpower_full,constant,permuted,0,76500,18300,0.25,0.0146393981472036,0.25,0.34972677595628415,0.12955465587044535,1.2502051724863368,0.6974508473341834,0.014979106396656894,0.014979106396656894,CA1|CA3|DG|VIS,0.0,0.0,0.0,1.0,0.0,
loso_ibl,0802ced5_probe00,4class,bandpower_full,logreg,model,0,74700,21500,0.25,0.011344356852717015,0.34434021988038865,0.4588372093023256,0.3210395937968282,1.4747771987957972,0.6978964520215335,0.08489385521545867,0.08489385521545867,CA1|CA3|DG|VIS,0.09434021988038865,0.45155172413793104,0.2387878787878788,0.6870212765957446,0.0,
loso_ibl,0802ced5_probe00,4class,bandpower_full,logreg,permuted,0,74700,21500,0.25,0.011344356852717015,0.20448823339780786,0.20767441860465116,0.13254412044770902,1.555725066322287,0.7562297290022881,0.14337848375435633,0.14337848375435636,CA1|CA3|DG|VIS,-0.04551176660219214,0.0,0.5284848484848484,0.289468085106383,0.0,
loso_ibl,0802ced5_probe01,4class,bandpower_full,logreg,model,0,75900,18300,0.3333333333333333,0.0111934974006327,0.4657263285024154,0.4651912568306011,0.470888920459994,1.0735443219639977,0.6215340312831185,0.03464442353872098,0.03541995415870542,CA1|DG|VIS,0.1323929951690821,0.3964,0.2520289855072464,0.74875,,
loso_ibl,0802ced5_probe01,4class,bandpower_full,logreg,permuted,0,75900,18300,0.3333333333333333,0.0111934974006327,0.3333333333333333,0.34972677595628415,0.17273954116059378,1.1778230153014206,0.6800219278917786,0.02949776379838628,0.2517032980979658,CA1|DG|VIS,0.0,0.0,0.0,1.0,,
loso_ibl,0a018f12_probe00,4class,bandpower_full,logreg,model,0,78200,18000,0.3333333333333333,0.011201664026399284,0.6283225305767678,0.6231111111111111,0.6227798234114038,0.9588209196272609,0.5416567012990628,0.10970868187908456,0.10967431072612042,CA1|DG|VIS,0.2949891972434345,0.6492857142857142,0.48246153846153844,0.7532203389830509,,
loso_ibl,0a018f12_probe00,4class,bandpower_full,logreg,permuted,0,78200,18000,0.3333333333333333,0.011201664026399284,0.3333333333333333,0.3277777777777778,0.16457461645746166,1.1648712976974074,0.6793011821238308,0.05093597459652073,0.1960279734195274,CA1|DG|VIS,0.0,0.0,0.0,1.0,,
loso_ibl,3638d102_probe01,4class,bandpower_full,logreg,model,0,75500,18700,0.3333333333333333,0.011120068074364232,0.3958623655913978,0.4118716577540107,0.39545586558145157,1.2189338611266716,0.69525337763125,0.10091574036275598,0.10004057549454037,CA1|DG|VIS,0.0625290322580645,0.3216,0.5576,0.30838709677419357,,
loso_ibl,3638d102_probe01,4class,bandpower_full,logreg,permuted,0,75500,18700,0.3333333333333333,0.011120068074364232,0.3333333333333333,0.3315508021390374,0.16599732262382863,1.1779890909174011,0.6804436023106085,0.05334177245352505,0.06730627718547429,CA1|DG|VIS,0.0,0.0,0.0,1.0,,
loso_ibl,54238fd6_probe00,4class,bandpower_full,logreg,model,0,76500,17700,0.25,0.01270338188330632,0.2993580093251146,0.4505084745762712,0.2475652502164658,1.255436919201781,0.658897776544231,0.16606504620959808,0.16623699685270438,CA1|CA3|DG|VIS,0.04935800932511458,0.07166666666666667,0.16305555555555556,0.947972972972973,0.014736842105263158,
loso_ibl,54238fd6_probe00,4class,bandpower_full,logreg,permuted,0,76500,17700,0.25,0.01270338188330632,0.25,0.4180790960451977,0.14741035856573706,1.3477550338144881,0.7175688540785411,0.05106075051672759,0.13964492388512345,CA1|CA3|DG|VIS,0.0,0.0,0.0,1.0,0.0,
loso_ibl,5dcee0eb_probe00,4class,bandpower_full,logreg,model,0,76200,20100,0.3333333333333333,0.01063317023904976,0.5322120251029084,0.5326865671641791,0.5211826741152311,1.0358587510734918,0.5938737480995075,0.046700051212352815,0.04826141229436927,CA1|DG|VIS,0.19887869176957512,0.5817241379310345,0.25285714285714284,0.7620547945205479,,
loso_ibl,5dcee0eb_probe00,4class,bandpower_full,logreg,permuted,0,76200,20100,0.3333333333333333,0.01063317023904976,0.3333333333333333,0.36318407960199006,0.17761557177615572,1.1839006330435828,0.6770776755979332,0.025215474418618367,0.03975450219282929,CA1|DG|VIS,0.0,0.0,0.0,1.0,,
loso_ibl,d2832a38_probe00,4class,bandpower_full,logreg,model,0,76500,18300,0.25,0.0146393981472036,0.4179919555499325,0.5346994535519126,0.40938028090625056,1.0915566755645865,0.594640109122172,0.02240986839666781,0.026220879078305875,CA1|CA3|DG|VIS,0.16799195554993251,0.4555769230769231,0.503859649122807,0.70953125,0.003,
loso_ibl,d2832a38_probe00,4class,bandpower_full,logreg,permuted,0,76500,18300,0.25,0.0146393981472036,0.25,0.34972677595628415,0.12955465587044535,1.2494384139241135,0.6972134841310421,0.015027607640854368,0.13159966640520968,CA1|CA3|DG|VIS,0.0,0.0,0.0,1.0,0.0,
loso_ibl,0802ced5_probe00,5class,bandpower_full,logreg,model,0,74700,21500,0.25,0.011344356852717015,0.34434021988038865,0.4588372093023256,0.3210395937968282,1.4747771987957972,0.6978964520215335,0.08489385521545867,0.08489385521545867,CA1|CA3|DG|VIS,0.09434021988038865,0.45155172413793104,0.2387878787878788,0.6870212765957446,0.0,
loso_ibl,0802ced5_probe00,5class,bandpower_full,logreg,permuted,0,74700,21500,0.25,0.011344356852717015,0.20448823339780786,0.20767441860465116,0.13254412044770902,1.555725066322287,0.7562297290022881,0.14337848375435633,0.14337848375435636,CA1|CA3|DG|VIS,-0.04551176660219214,0.0,0.5284848484848484,0.289468085106383,0.0,
loso_ibl,0802ced5_probe01,5class,bandpower_full,logreg,model,0,75900,18300,0.3333333333333333,0.0111934974006327,0.4657263285024154,0.4651912568306011,0.470888920459994,1.0735443219639977,0.6215340312831185,0.03464442353872098,0.03541995415870542,CA1|DG|VIS,0.1323929951690821,0.3964,0.2520289855072464,0.74875,,
loso_ibl,0802ced5_probe01,5class,bandpower_full,logreg,permuted,0,75900,18300,0.3333333333333333,0.0111934974006327,0.3333333333333333,0.34972677595628415,0.17273954116059378,1.1778230153014206,0.6800219278917786,0.02949776379838628,0.2517032980979658,CA1|DG|VIS,0.0,0.0,0.0,1.0,,
loso_ibl,0a018f12_probe00,5class,bandpower_full,logreg,model,0,78200,18000,0.3333333333333333,0.011201664026399284,0.6283225305767678,0.6231111111111111,0.6227798234114038,0.9588209196272609,0.5416567012990628,0.10970868187908456,0.10967431072612042,CA1|DG|VIS,0.2949891972434345,0.6492857142857142,0.48246153846153844,0.7532203389830509,,
loso_ibl,0a018f12_probe00,5class,bandpower_full,logreg,permuted,0,78200,18000,0.3333333333333333,0.011201664026399284,0.3333333333333333,0.3277777777777778,0.16457461645746166,1.1648712976974074,0.6793011821238308,0.05093597459652073,0.1960279734195274,CA1|DG|VIS,0.0,0.0,0.0,1.0,,
loso_ibl,3638d102_probe01,5class,bandpower_full,logreg,model,0,75500,18700,0.3333333333333333,0.011120068074364232,0.3958623655913978,0.4118716577540107,0.39545586558145157,1.2189338611266716,0.69525337763125,0.10091574036275598,0.10004057549454037,CA1|DG|VIS,0.0625290322580645,0.3216,0.5576,0.30838709677419357,,
loso_ibl,3638d102_probe01,5class,bandpower_full,logreg,permuted,0,75500,18700,0.3333333333333333,0.011120068074364232,0.3333333333333333,0.3315508021390374,0.16599732262382863,1.1779890909174011,0.6804436023106085,0.05334177245352505,0.06730627718547429,CA1|DG|VIS,0.0,0.0,0.0,1.0,,
loso_ibl,54238fd6_probe00,5class,bandpower_full,logreg,model,0,76500,17700,0.25,0.01270338188330632,0.2993580093251146,0.4505084745762712,0.2475652502164658,1.255436919201781,0.658897776544231,0.16606504620959808,0.16623699685270438,CA1|CA3|DG|VIS,0.04935800932511458,0.07166666666666667,0.16305555555555556,0.947972972972973,0.014736842105263158,
loso_ibl,54238fd6_probe00,5class,bandpower_full,logreg,permuted,0,76500,17700,0.25,0.01270338188330632,0.25,0.4180790960451977,0.14741035856573706,1.3477550338144881,0.7175688540785411,0.05106075051672759,0.13964492388512345,CA1|CA3|DG|VIS,0.0,0.0,0.0,1.0,0.0,
loso_ibl,5dcee0eb_probe00,5class,bandpower_full,logreg,model,0,76200,20100,0.3333333333333333,0.01063317023904976,0.5322120251029084,0.5326865671641791,0.5211826741152311,1.0358587510734918,0.5938737480995075,0.046700051212352815,0.04826141229436927,CA1|DG|VIS,0.19887869176957512,0.5817241379310345,0.25285714285714284,0.7620547945205479,,
loso_ibl,5dcee0eb_probe00,5class,bandpower_full,logreg,permuted,0,76200,20100,0.3333333333333333,0.01063317023904976,0.3333333333333333,0.36318407960199006,0.17761557177615572,1.1839006330435828,0.6770776755979332,0.025215474418618367,0.03975450219282929,CA1|DG|VIS,0.0,0.0,0.0,1.0,,
loso_ibl,d2832a38_probe00,5class,bandpower_full,logreg,model,0,76500,18300,0.25,0.0146393981472036,0.4179919555499325,0.5346994535519126,0.40938028090625056,1.0915566755645865,0.594640109122172,0.02240986839666781,0.026220879078305875,CA1|CA3|DG|VIS,0.16799195554993251,0.4555769230769231,0.503859649122807,0.70953125,0.003,
loso_ibl,d2832a38_probe00,5class,bandpower_full,logreg,permuted,0,76500,18300,0.25,0.0146393981472036,0.25,0.34972677595628415,0.12955465587044535,1.2494384139241135,0.6972134841310421,0.015027607640854368,0.13159966640520968,CA1|CA3|DG|VIS,0.0,0.0,0.0,1.0,0.0,
loso_ibl,0802ced5_probe00,4class,bandpower_clean,constant,model,0,74700,21500,0.25,0.011344356852717015,0.25,0.15348837209302327,0.06653225806451613,1.559428221446253,0.755662363868683,0.19590921826842247,0.19590921826842247,CA1|CA3|DG|VIS,0.0,0.0,1.0,0.0,0.0,
loso_ibl,0802ced5_probe00,4class,bandpower_clean,constant,permuted,0,74700,21500,0.25,0.011344356852717015,0.25,0.15348837209302327,0.06653225806451613,1.559428221446253,0.755662363868683,0.19590921826842247,0.19590921826842247,CA1|CA3|DG|VIS,0.0,0.0,1.0,0.0,0.0,
loso_ibl,0802ced5_probe01,4class,bandpower_clean,constant,model,0,75900,18300,0.3333333333333333,0.0111934974006327,0.3333333333333333,0.34972677595628415,0.17273954116059378,1.1724297273499018,0.6763821720084274,0.031037387416574913,0.031037387416574913,CA1|DG|VIS,0.0,0.0,0.0,1.0,,
loso_ibl,0802ced5_probe01,4class,bandpower_clean,constant,permuted,0,75900,18300,0.3333333333333333,0.0111934974006327,0.3333333333333333,0.34972677595628415,0.17273954116059378,1.1724297273499018,0.6763821720084274,0.031037387416574913,0.031037387416574913,CA1|DG|VIS,0.0,0.0,0.0,1.0,,
loso_ibl,0a018f12_probe00,4class,bandpower_clean,constant,model,0,78200,18000,0.3333333333333333,0.011201664026399284,0.3333333333333333,0.3277777777777778,0.16457461645746166,1.1604369640382894,0.6761399752458157,0.049460073884626254,0.049460073884626254,CA1|DG|VIS,0.0,0.0,0.0,1.0,,
loso_ibl,0a018f12_probe00,4class,bandpower_clean,constant,permuted,0,78200,18000,0.3333333333333333,0.011201664026399284,0.3333333333333333,0.3277777777777778,0.16457461645746166,1.1604369640382894,0.6761399752458157,0.049460073884626254,0.049460073884626254,CA1|DG|VIS,0.0,0.0,0.0,1.0,,
loso_ibl,3638d102_probe01,4class,bandpower_clean,constant,model,0,75500,18700,0.3333333333333333,0.011120068074364232,0.3333333333333333,0.3315508021390374,0.16599732262382863,1.1825155849369005,0.682496100297693,0.05387966143712164,0.05387966143712164,CA1|DG|VIS,0.0,0.0,0.0,1.0,,
loso_ibl,3638d102_probe01,4class,bandpower_clean,constant,permuted,0,75500,18700,0.3333333333333333,0.011120068074364232,0.3333333333333333,0.3315508021390374,0.16599732262382863,1.1825155849369005,0.682496100297693,0.05387966143712164,0.05387966143712164,CA1|DG|VIS,0.0,0.0,0.0,1.0,,
loso_ibl,54238fd6_probe00,4class,bandpower_clean,constant,model,0,76500,17700,0.25,0.01270338188330632,0.25,0.4180790960451977,0.14741035856573706,1.3489095684646621,0.7190985938336044,0.05337321369225667,0.05337321369225667,CA1|CA3|DG|VIS,0.0,0.0,0.0,1.0,0.0,
loso_ibl,54238fd6_probe00,4class,bandpower_clean,constant,permuted,0,76500,17700,0.25,0.01270338188330632,0.25,0.4180790960451977,0.14741035856573706,1.3489095684646621,0.7190985938336044,0.05337321369225667,0.05337321369225667,CA1|CA3|DG|VIS,0.0,0.0,0.0,1.0,0.0,
loso_ibl,5dcee0eb_probe00,4class,bandpower_clean,constant,model,0,76200,20100,0.3333333333333333,0.01063317023904976,0.3333333333333333,0.36318407960199006,0.17761557177615572,1.1846536442312456,0.6774355124166301,0.022642692051553337,0.022642692051553337,CA1|DG|VIS,0.0,0.0,0.0,1.0,,
loso_ibl,5dcee0eb_probe00,4class,bandpower_clean,constant,permuted,0,76200,20100,0.3333333333333333,0.01063317023904976,0.3333333333333333,0.36318407960199006,0.17761557177615572,1.1846536442312456,0.6774355124166301,0.022642692051553337,0.022642692051553337,CA1|DG|VIS,0.0,0.0,0.0,1.0,,
loso_ibl,d2832a38_probe00,4class,bandpower_clean,constant,model,0,76500,18300,0.25,0.0146393981472036,0.25,0.34972677595628415,0.12955465587044535,1.2502051724863368,0.6974508473341834,0.014979106396656894,0.014979106396656894,CA1|CA3|DG|VIS,0.0,0.0,0.0,1.0,0.0,
loso_ibl,d2832a38_probe00,4class,bandpower_clean,constant,permuted,0,76500,18300,0.25,0.0146393981472036,0.25,0.34972677595628415,0.12955465587044535,1.2502051724863368,0.6974508473341834,0.014979106396656894,0.014979106396656894,CA1|CA3|DG|VIS,0.0,0.0,0.0,1.0,0.0,
loso_ibl,0802ced5_probe00,5class,bandpower_clean,constant,model,0,74700,21500,0.25,0.011344356852717015,0.25,0.15348837209302327,0.06653225806451613,1.559428221446253,0.755662363868683,0.19590921826842247,0.19590921826842247,CA1|CA3|DG|VIS,0.0,0.0,1.0,0.0,0.0,
loso_ibl,0802ced5_probe00,5class,bandpower_clean,constant,permuted,0,74700,21500,0.25,0.011344356852717015,0.25,0.15348837209302327,0.06653225806451613,1.559428221446253,0.755662363868683,0.19590921826842247,0.19590921826842247,CA1|CA3|DG|VIS,0.0,0.0,1.0,0.0,0.0,
loso_ibl,0802ced5_probe01,5class,bandpower_clean,constant,model,0,75900,18300,0.3333333333333333,0.0111934974006327,0.3333333333333333,0.34972677595628415,0.17273954116059378,1.1724297273499018,0.6763821720084274,0.031037387416574913,0.031037387416574913,CA1|DG|VIS,0.0,0.0,0.0,1.0,,
loso_ibl,0802ced5_probe01,5class,bandpower_clean,constant,permuted,0,75900,18300,0.3333333333333333,0.0111934974006327,0.3333333333333333,0.34972677595628415,0.17273954116059378,1.1724297273499018,0.6763821720084274,0.031037387416574913,0.031037387416574913,CA1|DG|VIS,0.0,0.0,0.0,1.0,,
loso_ibl,0a018f12_probe00,5class,bandpower_clean,constant,model,0,78200,18000,0.3333333333333333,0.011201664026399284,0.3333333333333333,0.3277777777777778,0.16457461645746166,1.1604369640382894,0.6761399752458157,0.049460073884626254,0.049460073884626254,CA1|DG|VIS,0.0,0.0,0.0,1.0,,
loso_ibl,0a018f12_probe00,5class,bandpower_clean,constant,permuted,0,78200,18000,0.3333333333333333,0.011201664026399284,0.3333333333333333,0.3277777777777778,0.16457461645746166,1.1604369640382894,0.6761399752458157,0.049460073884626254,0.049460073884626254,CA1|DG|VIS,0.0,0.0,0.0,1.0,,
loso_ibl,3638d102_probe01,5class,bandpower_clean,constant,model,0,75500,18700,0.3333333333333333,0.011120068074364232,0.3333333333333333,0.3315508021390374,0.16599732262382863,1.1825155849369005,0.682496100297693,0.05387966143712164,0.05387966143712164,CA1|DG|VIS,0.0,0.0,0.0,1.0,,
loso_ibl,3638d102_probe01,5class,bandpower_clean,constant,permuted,0,75500,18700,0.3333333333333333,0.011120068074364232,0.3333333333333333,0.3315508021390374,0.16599732262382863,1.1825155849369005,0.682496100297693,0.05387966143712164,0.05387966143712164,CA1|DG|VIS,0.0,0.0,0.0,1.0,,
loso_ibl,54238fd6_probe00,5class,bandpower_clean,constant,model,0,76500,17700,0.25,0.01270338188330632,0.25,0.4180790960451977,0.14741035856573706,1.3489095684646621,0.7190985938336044,0.05337321369225667,0.05337321369225667,CA1|CA3|DG|VIS,0.0,0.0,0.0,1.0,0.0,
loso_ibl,54238fd6_probe00,5class,bandpower_clean,constant,permuted,0,76500,17700,0.25,0.01270338188330632,0.25,0.4180790960451977,0.14741035856573706,1.3489095684646621,0.7190985938336044,0.05337321369225667,0.05337321369225667,CA1|CA3|DG|VIS,0.0,0.0,0.0,1.0,0.0,
loso_ibl,5dcee0eb_probe00,5class,bandpower_clean,constant,model,0,76200,20100,0.3333333333333333,0.01063317023904976,0.3333333333333333,0.36318407960199006,0.17761557177615572,1.1846536442312456,0.6774355124166301,0.022642692051553337,0.022642692051553337,CA1|DG|VIS,0.0,0.0,0.0,1.0,,
loso_ibl,5dcee0eb_probe00,5class,bandpower_clean,constant,permuted,0,76200,20100,0.3333333333333333,0.01063317023904976,0.3333333333333333,0.36318407960199006,0.17761557177615572,1.1846536442312456,0.6774355124166301,0.022642692051553337,0.022642692051553337,CA1|DG|VIS,0.0,0.0,0.0,1.0,,
loso_ibl,d2832a38_probe00,5class,bandpower_clean,constant,model,0,76500,18300,0.25,0.0146393981472036,0.25,0.34972677595628415,0.12955465587044535,1.2502051724863368,0.6974508473341834,0.014979106396656894,0.014979106396656894,CA1|CA3|DG|VIS,0.0,0.0,0.0,1.0,0.0,
loso_ibl,d2832a38_probe00,5class,bandpower_clean,constant,permuted,0,76500,18300,0.25,0.0146393981472036,0.25,0.34972677595628415,0.12955465587044535,1.2502051724863368,0.6974508473341834,0.014979106396656894,0.014979106396656894,CA1|CA3|DG|VIS,0.0,0.0,0.0,1.0,0.0,
loso_ibl,0802ced5_probe00,4class,bandpower_clean,logreg,model,0,74700,21500,0.25,0.011344356852717015,0.33783874141265924,0.4453023255813954,0.31077805229149436,1.5455117633773117,0.7119650720405462,0.0772841377577472,0.08227785953085916,CA1|CA3|DG|VIS,0.08783874141265924,0.3468965517241379,0.30818181818181817,0.6962765957446808,0.0,
loso_ibl,0802ced5_probe00,4class,bandpower_clean,logreg,permuted,0,74700,21500,0.25,0.011344356852717015,0.1725918762088975,0.16023255813953488,0.10256169600072598,1.5574977974270647,0.7565679826265262,0.1907066545127941,0.19070665451279414,CA1|CA3|DG|VIS,-0.07740812379110251,0.0,0.4990909090909091,0.19127659574468084,0.0,
loso_ibl,0802ced5_probe01,4class,bandpower_clean,logreg,model,0,75900,18300,0.3333333333333333,0.0111934974006327,0.40968399758454105,0.4107650273224044,0.4040498925825083,1.1943458677655225,0.6833640936167104,0.058737270590980634,0.059355226997270166,CA1|DG|VIS,0.07635066425120773,0.3246,0.2110144927536232,0.6934375,,
loso_ibl,0802ced5_probe01,4class,bandpower_clean,logreg,permuted,0,75900,18300,0.3333333333333333,0.0111934974006327,0.3333333333333333,0.34972677595628415,0.17273954116059378,1.1734992747534356,0.6770728953243655,0.02977318364159426,0.09892353167408155,CA1|DG|VIS,0.0,0.0,0.0,1.0,,
loso_ibl,0a018f12_probe00,4class,bandpower_clean,logreg,model,0,78200,18000,0.3333333333333333,0.011201664026399284,0.5389107530887192,0.5415555555555556,0.5305059921562719,1.0436774024094746,0.5981277399457974,0.07493802363065066,0.07417788961232763,CA1|DG|VIS,0.20557741975538585,0.36178571428571427,0.5296923076923077,0.7252542372881355,,
loso_ibl,0a018f12_probe00,4class,bandpower_clean,logreg,permuted,0,78200,18000,0.3333333333333333,0.011201664026399284,0.3333333333333333,0.3277777777777778,0.16457461645746166,1.1635290747802036,0.6781816583095392,0.050546064543534434,0.11799149227640275,CA1|DG|VIS,0.0,0.0,0.0,1.0,,
loso_ibl,3638d102_probe01,4class,bandpower_clean,logreg,model,0,75500,18700,0.3333333333333333,0.011120068074364232,0.4083598566308244,0.42518716577540105,0.4107154020689026,1.1520387242222245,0.6696902076251106,0.029632103291503602,0.03569116571157627,CA1|DG|VIS,0.0750265232974911,0.2262,0.4822666666666667,0.5166129032258064,,
loso_ibl,3638d102_probe01,4class,bandpower_clean,logreg,permuted,0,75500,18700,0.3333333333333333,0.011120068074364232,0.3333333333333333,0.3315508021390374,0.16599732262382863,1.1782993621570328,0.6799576044851382,0.051190465706305754,0.053928198986199764,CA1|DG|VIS,0.0,0.0,0.0,1.0,,
loso_ibl,54238fd6_probe00,4class,bandpower_clean,logreg,model,0,76500,17700,0.25,0.01270338188330632,0.2647428678678679,0.3667231638418079,0.24995129438650265,1.4157766728324876,0.7344898539172328,0.12254167841324026,0.12254167841324022,CA1|CA3|DG|VIS,0.014742867867867882,0.18333333333333332,0.2286111111111111,0.6470270270270271,0.0,
loso_ibl,54238fd6_probe00,4class,bandpower_clean,logreg,permuted,0,76500,17700,0.25,0.01270338188330632,0.25,0.4180790960451977,0.14741035856573706,1.349786756913441,0.7197638645990964,0.053078354201024025,0.16523136557941348,CA1|CA3|DG|VIS,0.0,0.0,0.0,1.0,0.0,
loso_ibl,5dcee0eb_probe00,4class,bandpower_clean,logreg,model,0,76200,20100,0.3333333333333333,0.01063317023904976,0.4585894234878647,0.46960199004975123,0.4443153681484498,1.1175479154664762,0.6405960773997483,0.050772441759529725,0.059080768473060374,CA1|DG|VIS,0.12525609015453137,0.36431034482758623,0.19214285714285714,0.8193150684931507,,
loso_ibl,5dcee0eb_probe00,4class,bandpower_clean,logreg,permuted,0,76200,20100,0.3333333333333333,0.01063317023904976,0.3333333333333333,0.36318407960199006,0.17761557177615572,1.1836914742698168,0.6768694337275507,0.026520972456777724,0.041841360077088094,CA1|DG|VIS,0.0,0.0,0.0,1.0,,
loso_ibl,d2832a38_probe00,4class,bandpower_clean,logreg,model,0,76500,18300,0.25,0.0146393981472036,0.3758148300438597,0.483551912568306,0.36095056422855387,1.1635284237638557,0.6343971604049888,0.027757345176031213,0.03182073704088223,CA1|CA3|DG|VIS,0.12581483004385968,0.31,0.5712280701754386,0.62203125,0.0,
loso_ibl,d2832a38_probe00,4class,bandpower_clean,logreg,permuted,0,76500,18300,0.25,0.0146393981472036,0.25,0.34972677595628415,0.12955465587044535,1.248523292558413,0.6968783504043764,0.01501581766748944,0.09761221474053204,CA1|CA3|DG|VIS,0.0,0.0,0.0,1.0,0.0,
loso_ibl,0802ced5_probe00,5class,bandpower_clean,logreg,model,0,74700,21500,0.25,0.011344356852717015,0.33783874141265924,0.4453023255813954,0.31077805229149436,1.5455117633773117,0.7119650720405462,0.0772841377577472,0.08227785953085916,CA1|CA3|DG|VIS,0.08783874141265924,0.3468965517241379,0.30818181818181817,0.6962765957446808,0.0,
loso_ibl,0802ced5_probe00,5class,bandpower_clean,logreg,permuted,0,74700,21500,0.25,0.011344356852717015,0.1725918762088975,0.16023255813953488,0.10256169600072598,1.5574977974270647,0.7565679826265262,0.1907066545127941,0.19070665451279414,CA1|CA3|DG|VIS,-0.07740812379110251,0.0,0.4990909090909091,0.19127659574468084,0.0,
loso_ibl,0802ced5_probe01,5class,bandpower_clean,logreg,model,0,75900,18300,0.3333333333333333,0.0111934974006327,0.40968399758454105,0.4107650273224044,0.4040498925825083,1.1943458677655225,0.6833640936167104,0.058737270590980634,0.059355226997270166,CA1|DG|VIS,0.07635066425120773,0.3246,0.2110144927536232,0.6934375,,
loso_ibl,0802ced5_probe01,5class,bandpower_clean,logreg,permuted,0,75900,18300,0.3333333333333333,0.0111934974006327,0.3333333333333333,0.34972677595628415,0.17273954116059378,1.1734992747534356,0.6770728953243655,0.02977318364159426,0.09892353167408155,CA1|DG|VIS,0.0,0.0,0.0,1.0,,
loso_ibl,0a018f12_probe00,5class,bandpower_clean,logreg,model,0,78200,18000,0.3333333333333333,0.011201664026399284,0.5389107530887192,0.5415555555555556,0.5305059921562719,1.0436774024094746,0.5981277399457974,0.07493802363065066,0.07417788961232763,CA1|DG|VIS,0.20557741975538585,0.36178571428571427,0.5296923076923077,0.7252542372881355,,
loso_ibl,0a018f12_probe00,5class,bandpower_clean,logreg,permuted,0,78200,18000,0.3333333333333333,0.011201664026399284,0.3333333333333333,0.3277777777777778,0.16457461645746166,1.1635290747802036,0.6781816583095392,0.050546064543534434,0.11799149227640275,CA1|DG|VIS,0.0,0.0,0.0,1.0,,
loso_ibl,3638d102_probe01,5class,bandpower_clean,logreg,model,0,75500,18700,0.3333333333333333,0.011120068074364232,0.4083598566308244,0.42518716577540105,0.4107154020689026,1.1520387242222245,0.6696902076251106,0.029632103291503602,0.03569116571157627,CA1|DG|VIS,0.0750265232974911,0.2262,0.4822666666666667,0.5166129032258064,,
loso_ibl,3638d102_probe01,5class,bandpower_clean,logreg,permuted,0,75500,18700,0.3333333333333333,0.011120068074364232,0.3333333333333333,0.3315508021390374,0.16599732262382863,1.1782993621570328,0.6799576044851382,0.051190465706305754,0.053928198986199764,CA1|DG|VIS,0.0,0.0,0.0,1.0,,
loso_ibl,54238fd6_probe00,5class,bandpower_clean,logreg,model,0,76500,17700,0.25,0.01270338188330632,0.2647428678678679,0.3667231638418079,0.24995129438650265,1.4157766728324876,0.7344898539172328,0.12254167841324026,0.12254167841324022,CA1|CA3|DG|VIS,0.014742867867867882,0.18333333333333332,0.2286111111111111,0.6470270270270271,0.0,
loso_ibl,54238fd6_probe00,5class,bandpower_clean,logreg,permuted,0,76500,17700,0.25,0.01270338188330632,0.25,0.4180790960451977,0.14741035856573706,1.349786756913441,0.7197638645990964,0.053078354201024025,0.16523136557941348,CA1|CA3|DG|VIS,0.0,0.0,0.0,1.0,0.0,
loso_ibl,5dcee0eb_probe00,5class,bandpower_clean,logreg,model,0,76200,20100,0.3333333333333333,0.01063317023904976,0.4585894234878647,0.46960199004975123,0.4443153681484498,1.1175479154664762,0.6405960773997483,0.050772441759529725,0.059080768473060374,CA1|DG|VIS,0.12525609015453137,0.36431034482758623,0.19214285714285714,0.8193150684931507,,
loso_ibl,5dcee0eb_probe00,5class,bandpower_clean,logreg,permuted,0,76200,20100,0.3333333333333333,0.01063317023904976,0.3333333333333333,0.36318407960199006,0.17761557177615572,1.1836914742698168,0.6768694337275507,0.026520972456777724,0.041841360077088094,CA1|DG|VIS,0.0,0.0,0.0,1.0,,
loso_ibl,d2832a38_probe00,5class,bandpower_clean,logreg,model,0,76500,18300,0.25,0.0146393981472036,0.3758148300438597,0.483551912568306,0.36095056422855387,1.1635284237638557,0.6343971604049888,0.027757345176031213,0.03182073704088223,CA1|CA3|DG|VIS,0.12581483004385968,0.31,0.5712280701754386,0.62203125,0.0,
loso_ibl,d2832a38_probe00,5class,bandpower_clean,logreg,permuted,0,76500,18300,0.25,0.0146393981472036,0.25,0.34972677595628415,0.12955465587044535,1.248523292558413,0.6968783504043764,0.01501581766748944,0.09761221474053204,CA1|CA3|DG|VIS,0.0,0.0,0.0,1.0,0.0,
loso_ibl,0802ced5_probe00,4class,geometry,constant,model,0,74700,21500,0.25,0.011344356852717015,0.25,0.15348837209302327,0.06653225806451613,1.559428221446253,0.755662363868683,0.19590921826842247,0.19590921826842247,CA1|CA3|DG|VIS,0.0,0.0,1.0,0.0,0.0,
loso_ibl,0802ced5_probe00,4class,geometry,constant,permuted,0,74700,21500,0.25,0.011344356852717015,0.25,0.15348837209302327,0.06653225806451613,1.559428221446253,0.755662363868683,0.19590921826842247,0.19590921826842247,CA1|CA3|DG|VIS,0.0,0.0,1.0,0.0,0.0,
loso_ibl,0802ced5_probe01,4class,geometry,constant,model,0,75900,18300,0.3333333333333333,0.0111934974006327,0.3333333333333333,0.34972677595628415,0.17273954116059378,1.1724297273499018,0.6763821720084274,0.031037387416574913,0.031037387416574913,CA1|DG|VIS,0.0,0.0,0.0,1.0,,
loso_ibl,0802ced5_probe01,4class,geometry,constant,permuted,0,75900,18300,0.3333333333333333,0.0111934974006327,0.3333333333333333,0.34972677595628415,0.17273954116059378,1.1724297273499018,0.6763821720084274,0.031037387416574913,0.031037387416574913,CA1|DG|VIS,0.0,0.0,0.0,1.0,,
loso_ibl,0a018f12_probe00,4class,geometry,constant,model,0,78200,18000,0.3333333333333333,0.011201664026399284,0.3333333333333333,0.3277777777777778,0.16457461645746166,1.1604369640382894,0.6761399752458157,0.049460073884626254,0.049460073884626254,CA1|DG|VIS,0.0,0.0,0.0,1.0,,
loso_ibl,0a018f12_probe00,4class,geometry,constant,permuted,0,78200,18000,0.3333333333333333,0.011201664026399284,0.3333333333333333,0.3277777777777778,0.16457461645746166,1.1604369640382894,0.6761399752458157,0.049460073884626254,0.049460073884626254,CA1|DG|VIS,0.0,0.0,0.0,1.0,,
loso_ibl,3638d102_probe01,4class,geometry,constant,model,0,75500,18700,0.3333333333333333,0.011120068074364232,0.3333333333333333,0.3315508021390374,0.16599732262382863,1.1825155849369005,0.682496100297693,0.05387966143712164,0.05387966143712164,CA1|DG|VIS,0.0,0.0,0.0,1.0,,
loso_ibl,3638d102_probe01,4class,geometry,constant,permuted,0,75500,18700,0.3333333333333333,0.011120068074364232,0.3333333333333333,0.3315508021390374,0.16599732262382863,1.1825155849369005,0.682496100297693,0.05387966143712164,0.05387966143712164,CA1|DG|VIS,0.0,0.0,0.0,1.0,,
loso_ibl,54238fd6_probe00,4class,geometry,constant,model,0,76500,17700,0.25,0.01270338188330632,0.25,0.4180790960451977,0.14741035856573706,1.3489095684646621,0.7190985938336044,0.05337321369225667,0.05337321369225667,CA1|CA3|DG|VIS,0.0,0.0,0.0,1.0,0.0,
loso_ibl,54238fd6_probe00,4class,geometry,constant,permuted,0,76500,17700,0.25,0.01270338188330632,0.25,0.4180790960451977,0.14741035856573706,1.3489095684646621,0.7190985938336044,0.05337321369225667,0.05337321369225667,CA1|CA3|DG|VIS,0.0,0.0,0.0,1.0,0.0,
loso_ibl,5dcee0eb_probe00,4class,geometry,constant,model,0,76200,20100,0.3333333333333333,0.01063317023904976,0.3333333333333333,0.36318407960199006,0.17761557177615572,1.1846536442312456,0.6774355124166301,0.022642692051553337,0.022642692051553337,CA1|DG|VIS,0.0,0.0,0.0,1.0,,
loso_ibl,5dcee0eb_probe00,4class,geometry,constant,permuted,0,76200,20100,0.3333333333333333,0.01063317023904976,0.3333333333333333,0.36318407960199006,0.17761557177615572,1.1846536442312456,0.6774355124166301,0.022642692051553337,0.022642692051553337,CA1|DG|VIS,0.0,0.0,0.0,1.0,,
loso_ibl,d2832a38_probe00,4class,geometry,constant,model,0,76500,18300,0.25,0.0146393981472036,0.25,0.34972677595628415,0.12955465587044535,1.2502051724863368,0.6974508473341834,0.014979106396656894,0.014979106396656894,CA1|CA3|DG|VIS,0.0,0.0,0.0,1.0,0.0,
loso_ibl,d2832a38_probe00,4class,geometry,constant,permuted,0,76500,18300,0.25,0.0146393981472036,0.25,0.34972677595628415,0.12955465587044535,1.2502051724863368,0.6974508473341834,0.014979106396656894,0.014979106396656894,CA1|CA3|DG|VIS,0.0,0.0,0.0,1.0,0.0,
loso_ibl,0802ced5_probe00,5class,geometry,constant,model,0,74700,21500,0.25,0.011344356852717015,0.25,0.15348837209302327,0.06653225806451613,1.559428221446253,0.755662363868683,0.19590921826842247,0.19590921826842247,CA1|CA3|DG|VIS,0.0,0.0,1.0,0.0,0.0,
loso_ibl,0802ced5_probe00,5class,geometry,constant,permuted,0,74700,21500,0.25,0.011344356852717015,0.25,0.15348837209302327,0.06653225806451613,1.559428221446253,0.755662363868683,0.19590921826842247,0.19590921826842247,CA1|CA3|DG|VIS,0.0,0.0,1.0,0.0,0.0,
loso_ibl,0802ced5_probe01,5class,geometry,constant,model,0,75900,18300,0.3333333333333333,0.0111934974006327,0.3333333333333333,0.34972677595628415,0.17273954116059378,1.1724297273499018,0.6763821720084274,0.031037387416574913,0.031037387416574913,CA1|DG|VIS,0.0,0.0,0.0,1.0,,
loso_ibl,0802ced5_probe01,5class,geometry,constant,permuted,0,75900,18300,0.3333333333333333,0.0111934974006327,0.3333333333333333,0.34972677595628415,0.17273954116059378,1.1724297273499018,0.6763821720084274,0.031037387416574913,0.031037387416574913,CA1|DG|VIS,0.0,0.0,0.0,1.0,,
loso_ibl,0a018f12_probe00,5class,geometry,constant,model,0,78200,18000,0.3333333333333333,0.011201664026399284,0.3333333333333333,0.3277777777777778,0.16457461645746166,1.1604369640382894,0.6761399752458157,0.049460073884626254,0.049460073884626254,CA1|DG|VIS,0.0,0.0,0.0,1.0,,
loso_ibl,0a018f12_probe00,5class,geometry,constant,permuted,0,78200,18000,0.3333333333333333,0.011201664026399284,0.3333333333333333,0.3277777777777778,0.16457461645746166,1.1604369640382894,0.6761399752458157,0.049460073884626254,0.049460073884626254,CA1|DG|VIS,0.0,0.0,0.0,1.0,,
loso_ibl,3638d102_probe01,5class,geometry,constant,model,0,75500,18700,0.3333333333333333,0.011120068074364232,0.3333333333333333,0.3315508021390374,0.16599732262382863,1.1825155849369005,0.682496100297693,0.05387966143712164,0.05387966143712164,CA1|DG|VIS,0.0,0.0,0.0,1.0,,
loso_ibl,3638d102_probe01,5class,geometry,constant,permuted,0,75500,18700,0.3333333333333333,0.011120068074364232,0.3333333333333333,0.3315508021390374,0.16599732262382863,1.1825155849369005,0.682496100297693,0.05387966143712164,0.05387966143712164,CA1|DG|VIS,0.0,0.0,0.0,1.0,,
loso_ibl,54238fd6_probe00,5class,geometry,constant,model,0,76500,17700,0.25,0.01270338188330632,0.25,0.4180790960451977,0.14741035856573706,1.3489095684646621,0.7190985938336044,0.05337321369225667,0.05337321369225667,CA1|CA3|DG|VIS,0.0,0.0,0.0,1.0,0.0,
loso_ibl,54238fd6_probe00,5class,geometry,constant,permuted,0,76500,17700,0.25,0.01270338188330632,0.25,0.4180790960451977,0.14741035856573706,1.3489095684646621,0.7190985938336044,0.05337321369225667,0.05337321369225667,CA1|CA3|DG|VIS,0.0,0.0,0.0,1.0,0.0,
loso_ibl,5dcee0eb_probe00,5class,geometry,constant,model,0,76200,20100,0.3333333333333333,0.01063317023904976,0.3333333333333333,0.36318407960199006,0.17761557177615572,1.1846536442312456,0.6774355124166301,0.022642692051553337,0.022642692051553337,CA1|DG|VIS,0.0,0.0,0.0,1.0,,
loso_ibl,5dcee0eb_probe00,5class,geometry,constant,permuted,0,76200,20100,0.3333333333333333,0.01063317023904976,0.3333333333333333,0.36318407960199006,0.17761557177615572,1.1846536442312456,0.6774355124166301,0.022642692051553337,0.022642692051553337,CA1|DG|VIS,0.0,0.0,0.0,1.0,,
loso_ibl,d2832a38_probe00,5class,geometry,constant,model,0,76500,18300,0.25,0.0146393981472036,0.25,0.34972677595628415,0.12955465587044535,1.2502051724863368,0.6974508473341834,0.014979106396656894,0.014979106396656894,CA1|CA3|DG|VIS,0.0,0.0,0.0,1.0,0.0,
loso_ibl,d2832a38_probe00,5class,geometry,constant,permuted,0,76500,18300,0.25,0.0146393981472036,0.25,0.34972677595628415,0.12955465587044535,1.2502051724863368,0.6974508473341834,0.014979106396656894,0.014979106396656894,CA1|CA3|DG|VIS,0.0,0.0,0.0,1.0,0.0,
loso_ibl,0802ced5_probe00,4class,geometry,logreg,model,0,74700,21500,0.25,0.011344356852717015,0.6271093176815847,0.6744186046511628,0.534662611163405,2.133911243812193,0.6131808041350758,0.3032235731767112,0.2987082560390664,CA1|CA3|DG|VIS,0.37710931768158473,0.8275862068965517,1.0,0.6808510638297872,0.0,
loso_ibl,0802ced5_probe00,4class,geometry,logreg,permuted,0,74700,21500,0.25,0.011344356852717015,0.25,0.4372093023255814,0.15210355987055016,1.5519048446615689,0.7520829553836262,0.08054481033989391,0.339231764017256,CA1|CA3|DG|VIS,0.0,0.0,0.0,1.0,0.0,
loso_ibl,0802ced5_probe01,4class,geometry,logreg,model,0,75900,18300,0.3333333333333333,0.0111934974006327,0.9468599033816426,0.9398907103825137,0.9522606843955826,0.13025588221556933,0.07860744660088494,0.04107223195352565,0.028461367371897462,CA1|DG|VIS,0.6135265700483092,1.0,0.8405797101449275,1.0,,
loso_ibl,0802ced5_probe01,4class,geometry,logreg,permuted,0,75900,18300,0.3333333333333333,0.0111934974006327,0.3333333333333333,0.34972677595628415,0.17273954116059378,1.172860632759172,0.6768423923091689,0.029174042430210156,0.3246111861867576,CA1|DG|VIS,0.0,0.0,0.0,1.0,,
loso_ibl,0a018f12_probe00,4class,geometry,logreg,model,0,78200,18000,0.3333333333333333,0.011201664026399284,0.9940476190476191,0.9944444444444445,0.9944524677349106,0.04336657084538457,0.015924822074711995,0.03269708207348343,0.03225617323296456,CA1|DG|VIS,0.6607142857142858,0.9821428571428571,1.0,1.0,,
loso_ibl,0a018f12_probe00,4class,geometry,logreg,permuted,0,78200,18000,0.3333333333333333,0.011201664026399284,0.3333333333333333,0.3277777777777778,0.16457461645746166,1.1691586282065782,0.6818966578231801,0.049261897783552167,0.2120728408097613,CA1|DG|VIS,0.0,0.0,0.0,1.0,,
loso_ibl,3638d102_probe01,4class,geometry,logreg,model,0,75500,18700,0.3333333333333333,0.011120068074364232,0.8088888888888889,0.786096256684492,0.8202475685234306,0.48048414539826173,0.31071796641912053,0.13361715443044866,0.1219070915709543,CA1|DG|VIS,0.47555555555555556,0.88,0.5466666666666666,1.0,,
loso_ibl,3638d102_probe01,4class,geometry,logreg,permuted,0,75500,18700,0.3333333333333333,0.011120068074364232,0.3333333333333333,0.3315508021390374,0.16599732262382863,1.1857147974195579,0.6846800248859677,0.05789666261879339,0.3988309801482185,CA1|DG|VIS,0.0,0.0,0.0,1.0,,
loso_ibl,54238fd6_probe00,4class,geometry,logreg,model,0,76500,17700,0.25,0.01270338188330632,0.6721565315315314,0.8022598870056498,0.6213928813768428,2.9546696088926927,0.345341553042797,0.15971474251319298,0.15332057513197128,CA1|CA3|DG|VIS,0.42215653153153143,0.7291666666666666,1.0,0.9594594594594594,0.0,
loso_ibl,54238fd6_probe00,4class,geometry,logreg,permuted,0,76500,17700,0.25,0.01270338188330632,0.25,0.4180790960451977,0.14741035856573706,1.3546184387898539,0.7211461187900358,0.05483887353206102,0.22330446009923793,CA1|CA3|DG|VIS,0.0,0.0,0.0,1.0,0.0,
loso_ibl,5dcee0eb_probe00,4class,geometry,logreg,model,0,76200,20100,0.3333333333333333,0.01063317023904976,0.9285714285714285,0.9253731343283582,0.9543502824858757,0.1615793990955678,0.10036326647190223,0.0375809546835581,0.03157619233511761,CA1|DG|VIS,0.5952380952380951,1.0,0.7857142857142857,1.0,,
loso_ibl,5dcee0eb_probe00,4class,geometry,logreg,permuted,0,76200,20100,0.3333333333333333,0.01063317023904976,0.3333333333333333,0.36318407960199006,0.17761557177615572,1.185303542321566,0.677749084860997,0.02245146222390154,0.34869843473207124,CA1|DG|VIS,0.0,0.0,0.0,1.0,,
loso_ibl,d2832a38_probe00,4class,geometry,logreg,model,0,76500,18300,0.25,0.0146393981472036,0.7403846153846154,0.9344262295081968,0.7212885154061625,1.364365584450892,0.12956139863501762,0.06975212805616894,0.07379468786133196,CA1|CA3|DG|VIS,0.4903846153846154,0.9615384615384616,1.0,1.0,0.0,
loso_ibl,d2832a38_probe00,4class,geometry,logreg,permuted,0,76500,18300,0.25,0.0146393981472036,0.25,0.34972677595628415,0.12955465587044535,1.2533125093900828,0.6987527654554314,0.013897637137684993,0.21735598928177827,CA1|CA3|DG|VIS,0.0,0.0,0.0,1.0,0.0,
loso_ibl,0802ced5_probe00,5class,geometry,logreg,model,0,74700,21500,0.25,0.011344356852717015,0.6271093176815847,0.6744186046511628,0.534662611163405,2.133911243812193,0.6131808041350758,0.3032235731767112,0.2987082560390664,CA1|CA3|DG|VIS,0.37710931768158473,0.8275862068965517,1.0,0.6808510638297872,0.0,
loso_ibl,0802ced5_probe00,5class,geometry,logreg,permuted,0,74700,21500,0.25,0.011344356852717015,0.25,0.4372093023255814,0.15210355987055016,1.5519048446615689,0.7520829553836262,0.08054481033989391,0.339231764017256,CA1|CA3|DG|VIS,0.0,0.0,0.0,1.0,0.0,
loso_ibl,0802ced5_probe01,5class,geometry,logreg,model,0,75900,18300,0.3333333333333333,0.0111934974006327,0.9468599033816426,0.9398907103825137,0.9522606843955826,0.13025588221556933,0.07860744660088494,0.04107223195352565,0.028461367371897462,CA1|DG|VIS,0.6135265700483092,1.0,0.8405797101449275,1.0,,
loso_ibl,0802ced5_probe01,5class,geometry,logreg,permuted,0,75900,18300,0.3333333333333333,0.0111934974006327,0.3333333333333333,0.34972677595628415,0.17273954116059378,1.172860632759172,0.6768423923091689,0.029174042430210156,0.3246111861867576,CA1|DG|VIS,0.0,0.0,0.0,1.0,,
loso_ibl,0a018f12_probe00,5class,geometry,logreg,model,0,78200,18000,0.3333333333333333,0.011201664026399284,0.9940476190476191,0.9944444444444445,0.9944524677349106,0.04336657084538457,0.015924822074711995,0.03269708207348343,0.03225617323296456,CA1|DG|VIS,0.6607142857142858,0.9821428571428571,1.0,1.0,,
loso_ibl,0a018f12_probe00,5class,geometry,logreg,permuted,0,78200,18000,0.3333333333333333,0.011201664026399284,0.3333333333333333,0.3277777777777778,0.16457461645746166,1.1691586282065782,0.6818966578231801,0.049261897783552167,0.2120728408097613,CA1|DG|VIS,0.0,0.0,0.0,1.0,,
loso_ibl,3638d102_probe01,5class,geometry,logreg,model,0,75500,18700,0.3333333333333333,0.011120068074364232,0.8088888888888889,0.786096256684492,0.8202475685234306,0.48048414539826173,0.31071796641912053,0.13361715443044866,0.1219070915709543,CA1|DG|VIS,0.47555555555555556,0.88,0.5466666666666666,1.0,,
loso_ibl,3638d102_probe01,5class,geometry,logreg,permuted,0,75500,18700,0.3333333333333333,0.011120068074364232,0.3333333333333333,0.3315508021390374,0.16599732262382863,1.1857147974195579,0.6846800248859677,0.05789666261879339,0.3988309801482185,CA1|DG|VIS,0.0,0.0,0.0,1.0,,
loso_ibl,54238fd6_probe00,5class,geometry,logreg,model,0,76500,17700,0.25,0.01270338188330632,0.6721565315315314,0.8022598870056498,0.6213928813768428,2.9546696088926927,0.345341553042797,0.15971474251319298,0.15332057513197128,CA1|CA3|DG|VIS,0.42215653153153143,0.7291666666666666,1.0,0.9594594594594594,0.0,
loso_ibl,54238fd6_probe00,5class,geometry,logreg,permuted,0,76500,17700,0.25,0.01270338188330632,0.25,0.4180790960451977,0.14741035856573706,1.3546184387898539,0.7211461187900358,0.05483887353206102,0.22330446009923793,CA1|CA3|DG|VIS,0.0,0.0,0.0,1.0,0.0,
loso_ibl,5dcee0eb_probe00,5class,geometry,logreg,model,0,76200,20100,0.3333333333333333,0.01063317023904976,0.9285714285714285,0.9253731343283582,0.9543502824858757,0.1615793990955678,0.10036326647190223,0.0375809546835581,0.03157619233511761,CA1|DG|VIS,0.5952380952380951,1.0,0.7857142857142857,1.0,,
loso_ibl,5dcee0eb_probe00,5class,geometry,logreg,permuted,0,76200,20100,0.3333333333333333,0.01063317023904976,0.3333333333333333,0.36318407960199006,0.17761557177615572,1.185303542321566,0.677749084860997,0.02245146222390154,0.34869843473207124,CA1|DG|VIS,0.0,0.0,0.0,1.0,,
loso_ibl,d2832a38_probe00,5class,geometry,logreg,model,0,76500,18300,0.25,0.0146393981472036,0.7403846153846154,0.9344262295081968,0.7212885154061625,1.364365584450892,0.12956139863501762,0.06975212805616894,0.07379468786133196,CA1|CA3|DG|VIS,0.4903846153846154,0.9615384615384616,1.0,1.0,0.0,
loso_ibl,d2832a38_probe00,5class,geometry,logreg,permuted,0,76500,18300,0.25,0.0146393981472036,0.25,0.34972677595628415,0.12955465587044535,1.2533125093900828,0.6987527654554314,0.013897637137684993,0.21735598928177827,CA1|CA3|DG|VIS,0.0,0.0,0.0,1.0,0.0,
loso_ibl,0802ced5_probe00,4class,amplitude,constant,model,0,74700,21500,0.25,0.011344356852717015,0.25,0.15348837209302327,0.06653225806451613,1.559428221446253,0.755662363868683,0.19590921826842247,0.19590921826842247,CA1|CA3|DG|VIS,0.0,0.0,1.0,0.0,0.0,
loso_ibl,0802ced5_probe00,4class,amplitude,constant,permuted,0,74700,21500,0.25,0.011344356852717015,0.25,0.15348837209302327,0.06653225806451613,1.559428221446253,0.755662363868683,0.19590921826842247,0.19590921826842247,CA1|CA3|DG|VIS,0.0,0.0,1.0,0.0,0.0,
loso_ibl,0802ced5_probe01,4class,amplitude,constant,model,0,75900,18300,0.3333333333333333,0.0111934974006327,0.3333333333333333,0.34972677595628415,0.17273954116059378,1.1724297273499018,0.6763821720084274,0.031037387416574913,0.031037387416574913,CA1|DG|VIS,0.0,0.0,0.0,1.0,,
loso_ibl,0802ced5_probe01,4class,amplitude,constant,permuted,0,75900,18300,0.3333333333333333,0.0111934974006327,0.3333333333333333,0.34972677595628415,0.17273954116059378,1.1724297273499018,0.6763821720084274,0.031037387416574913,0.031037387416574913,CA1|DG|VIS,0.0,0.0,0.0,1.0,,
loso_ibl,0a018f12_probe00,4class,amplitude,constant,model,0,78200,18000,0.3333333333333333,0.011201664026399284,0.3333333333333333,0.3277777777777778,0.16457461645746166,1.1604369640382894,0.6761399752458157,0.049460073884626254,0.049460073884626254,CA1|DG|VIS,0.0,0.0,0.0,1.0,,
loso_ibl,0a018f12_probe00,4class,amplitude,constant,permuted,0,78200,18000,0.3333333333333333,0.011201664026399284,0.3333333333333333,0.3277777777777778,0.16457461645746166,1.1604369640382894,0.6761399752458157,0.049460073884626254,0.049460073884626254,CA1|DG|VIS,0.0,0.0,0.0,1.0,,
loso_ibl,3638d102_probe01,4class,amplitude,constant,model,0,75500,18700,0.3333333333333333,0.011120068074364232,0.3333333333333333,0.3315508021390374,0.16599732262382863,1.1825155849369005,0.682496100297693,0.05387966143712164,0.05387966143712164,CA1|DG|VIS,0.0,0.0,0.0,1.0,,
loso_ibl,3638d102_probe01,4class,amplitude,constant,permuted,0,75500,18700,0.3333333333333333,0.011120068074364232,0.3333333333333333,0.3315508021390374,0.16599732262382863,1.1825155849369005,0.682496100297693,0.05387966143712164,0.05387966143712164,CA1|DG|VIS,0.0,0.0,0.0,1.0,,
loso_ibl,54238fd6_probe00,4class,amplitude,constant,model,0,76500,17700,0.25,0.01270338188330632,0.25,0.4180790960451977,0.14741035856573706,1.3489095684646621,0.7190985938336044,0.05337321369225667,0.05337321369225667,CA1|CA3|DG|VIS,0.0,0.0,0.0,1.0,0.0,
loso_ibl,54238fd6_probe00,4class,amplitude,constant,permuted,0,76500,17700,0.25,0.01270338188330632,0.25,0.4180790960451977,0.14741035856573706,1.3489095684646621,0.7190985938336044,0.05337321369225667,0.05337321369225667,CA1|CA3|DG|VIS,0.0,0.0,0.0,1.0,0.0,
loso_ibl,5dcee0eb_probe00,4class,amplitude,constant,model,0,76200,20100,0.3333333333333333,0.01063317023904976,0.3333333333333333,0.36318407960199006,0.17761557177615572,1.1846536442312456,0.6774355124166301,0.022642692051553337,0.022642692051553337,CA1|DG|VIS,0.0,0.0,0.0,1.0,,
loso_ibl,5dcee0eb_probe00,4class,amplitude,constant,permuted,0,76200,20100,0.3333333333333333,0.01063317023904976,0.3333333333333333,0.36318407960199006,0.17761557177615572,1.1846536442312456,0.6774355124166301,0.022642692051553337,0.022642692051553337,CA1|DG|VIS,0.0,0.0,0.0,1.0,,
loso_ibl,d2832a38_probe00,4class,amplitude,constant,model,0,76500,18300,0.25,0.0146393981472036,0.25,0.34972677595628415,0.12955465587044535,1.2502051724863368,0.6974508473341834,0.014979106396656894,0.014979106396656894,CA1|CA3|DG|VIS,0.0,0.0,0.0,1.0,0.0,
loso_ibl,d2832a38_probe00,4class,amplitude,constant,permuted,0,76500,18300,0.25,0.0146393981472036,0.25,0.34972677595628415,0.12955465587044535,1.2502051724863368,0.6974508473341834,0.014979106396656894,0.014979106396656894,CA1|CA3|DG|VIS,0.0,0.0,0.0,1.0,0.0,
loso_ibl,0802ced5_probe00,5class,amplitude,constant,model,0,74700,21500,0.25,0.011344356852717015,0.25,0.15348837209302327,0.06653225806451613,1.559428221446253,0.755662363868683,0.19590921826842247,0.19590921826842247,CA1|CA3|DG|VIS,0.0,0.0,1.0,0.0,0.0,
loso_ibl,0802ced5_probe00,5class,amplitude,constant,permuted,0,74700,21500,0.25,0.011344356852717015,0.25,0.15348837209302327,0.06653225806451613,1.559428221446253,0.755662363868683,0.19590921826842247,0.19590921826842247,CA1|CA3|DG|VIS,0.0,0.0,1.0,0.0,0.0,
loso_ibl,0802ced5_probe01,5class,amplitude,constant,model,0,75900,18300,0.3333333333333333,0.0111934974006327,0.3333333333333333,0.34972677595628415,0.17273954116059378,1.1724297273499018,0.6763821720084274,0.031037387416574913,0.031037387416574913,CA1|DG|VIS,0.0,0.0,0.0,1.0,,
loso_ibl,0802ced5_probe01,5class,amplitude,constant,permuted,0,75900,18300,0.3333333333333333,0.0111934974006327,0.3333333333333333,0.34972677595628415,0.17273954116059378,1.1724297273499018,0.6763821720084274,0.031037387416574913,0.031037387416574913,CA1|DG|VIS,0.0,0.0,0.0,1.0,,
loso_ibl,0a018f12_probe00,5class,amplitude,constant,model,0,78200,18000,0.3333333333333333,0.011201664026399284,0.3333333333333333,0.3277777777777778,0.16457461645746166,1.1604369640382894,0.6761399752458157,0.049460073884626254,0.049460073884626254,CA1|DG|VIS,0.0,0.0,0.0,1.0,,
loso_ibl,0a018f12_probe00,5class,amplitude,constant,permuted,0,78200,18000,0.3333333333333333,0.011201664026399284,0.3333333333333333,0.3277777777777778,0.16457461645746166,1.1604369640382894,0.6761399752458157,0.049460073884626254,0.049460073884626254,CA1|DG|VIS,0.0,0.0,0.0,1.0,,
loso_ibl,3638d102_probe01,5class,amplitude,constant,model,0,75500,18700,0.3333333333333333,0.011120068074364232,0.3333333333333333,0.3315508021390374,0.16599732262382863,1.1825155849369005,0.682496100297693,0.05387966143712164,0.05387966143712164,CA1|DG|VIS,0.0,0.0,0.0,1.0,,
loso_ibl,3638d102_probe01,5class,amplitude,constant,permuted,0,75500,18700,0.3333333333333333,0.011120068074364232,0.3333333333333333,0.3315508021390374,0.16599732262382863,1.1825155849369005,0.682496100297693,0.05387966143712164,0.05387966143712164,CA1|DG|VIS,0.0,0.0,0.0,1.0,,
loso_ibl,54238fd6_probe00,5class,amplitude,constant,model,0,76500,17700,0.25,0.01270338188330632,0.25,0.4180790960451977,0.14741035856573706,1.3489095684646621,0.7190985938336044,0.05337321369225667,0.05337321369225667,CA1|CA3|DG|VIS,0.0,0.0,0.0,1.0,0.0,
loso_ibl,54238fd6_probe00,5class,amplitude,constant,permuted,0,76500,17700,0.25,0.01270338188330632,0.25,0.4180790960451977,0.14741035856573706,1.3489095684646621,0.7190985938336044,0.05337321369225667,0.05337321369225667,CA1|CA3|DG|VIS,0.0,0.0,0.0,1.0,0.0,
loso_ibl,5dcee0eb_probe00,5class,amplitude,constant,model,0,76200,20100,0.3333333333333333,0.01063317023904976,0.3333333333333333,0.36318407960199006,0.17761557177615572,1.1846536442312456,0.6774355124166301,0.022642692051553337,0.022642692051553337,CA1|DG|VIS,0.0,0.0,0.0,1.0,,
loso_ibl,5dcee0eb_probe00,5class,amplitude,constant,permuted,0,76200,20100,0.3333333333333333,0.01063317023904976,0.3333333333333333,0.36318407960199006,0.17761557177615572,1.1846536442312456,0.6774355124166301,0.022642692051553337,0.022642692051553337,CA1|DG|VIS,0.0,0.0,0.0,1.0,,
loso_ibl,d2832a38_probe00,5class,amplitude,constant,model,0,76500,18300,0.25,0.0146393981472036,0.25,0.34972677595628415,0.12955465587044535,1.2502051724863368,0.6974508473341834,0.014979106396656894,0.014979106396656894,CA1|CA3|DG|VIS,0.0,0.0,0.0,1.0,0.0,
loso_ibl,d2832a38_probe00,5class,amplitude,constant,permuted,0,76500,18300,0.25,0.0146393981472036,0.25,0.34972677595628415,0.12955465587044535,1.2502051724863368,0.6974508473341834,0.014979106396656894,0.014979106396656894,CA1|CA3|DG|VIS,0.0,0.0,0.0,1.0,0.0,
loso_ibl,0802ced5_probe00,4class,amplitude,logreg,model,0,74700,21500,0.25,0.011344356852717015,0.5183381689232753,0.6130232558139534,0.42427235067528435,1.2402240481379143,0.5802337363692374,0.10111542245592532,0.10293440397002537,CA1|CA3|DG|VIS,0.26833816892327533,0.165,0.936969696969697,0.9713829787234043,0.0,
loso_ibl,0802ced5_probe00,4class,amplitude,logreg,permuted,0,74700,21500,0.25,0.011344356852717015,0.4206802063185042,0.4647906976744186,0.2834999359552426,1.5554726485180612,0.7541679555348894,0.11517851698882331,0.13551039510620305,CA1|CA3|DG|VIS,0.17068020631850422,0.0,0.9548484848484848,0.727872340425532,0.0,
loso_ibl,0802ced5_probe01,4class,amplitude,logreg,model,0,75900,18300,0.3333333333333333,0.0111934974006327,0.6636579106280193,0.666775956284153,0.6625878198807427,0.8667689091934999,0.48292582937831496,0.13295656811066311,0.1349306773374691,CA1|DG|VIS,0.33032457729468595,0.61,0.6275362318840579,0.7534375,,
loso_ibl,0802ced5_probe01,4class,amplitude,logreg,permuted,0,75900,18300,0.3333333333333333,0.0111934974006327,0.3333333333333333,0.34972677595628415,0.17273954116059378,1.1751752932702413,0.6783670618716926,0.0317747588566234,0.3115745520651082,CA1|DG|VIS,0.0,0.0,0.0,1.0,,
loso_ibl,0a018f12_probe00,4class,amplitude,logreg,model,0,78200,18000,0.3333333333333333,0.011201664026399284,0.598237381262805,0.6103333333333333,0.5871394255301592,0.8874601816519527,0.5204737306275662,0.0806531992894505,0.08091981103823709,CA1|DG|VIS,0.2649040479294717,0.2889285714285714,0.8064615384615385,0.699322033898305,,
loso_ibl,0a018f12_probe00,4class,amplitude,logreg,permuted,0,78200,18000,0.3333333333333333,0.011201664026399284,0.3333333333333333,0.3277777777777778,0.16457461645746166,1.1653920894752021,0.6799370038080245,0.05147591020486014,0.2853378639000835,CA1|DG|VIS,0.0,0.0,0.0,1.0,,
loso_ibl,3638d102_probe01,4class,amplitude,logreg,model,0,75500,18700,0.3333333333333333,0.011120068074364232,0.6896172043010752,0.7004812834224599,0.6861721618043432,0.8309758147296322,0.45717222754278847,0.14047632990333553,0.13886369619373537,CA1|DG|VIS,0.3562838709677419,0.5372,0.7052,0.8264516129032258,,
loso_ibl,3638d102_probe01,4class,amplitude,logreg,permuted,0,75500,18700,0.3333333333333333,0.011120068074364232,0.3333333333333333,0.3315508021390374,0.16599732262382863,1.184811748088189,0.6841978881845213,0.05448631496380051,0.2111688058347352,CA1|DG|VIS,0.0,0.0,0.0,1.0,,
loso_ibl,54238fd6_probe00,4class,amplitude,logreg,model,0,76500,17700,0.25,0.01270338188330632,0.4558736861861862,0.5939548022598871,0.41035438887548537,1.0934749513827162,0.5923381877582562,0.18739696947806436,0.1897314917943784,CA1|CA3|DG|VIS,0.20587368618618618,0.12625,0.6980555555555555,0.9991891891891892,0.0,
loso_ibl,54238fd6_probe00,4class,amplitude,logreg,permuted,0,76500,17700,0.25,0.01270338188330632,0.25,0.4180790960451977,0.14741035856573706,1.349581486670968,0.7201858619081953,0.05442599929091646,0.30803633825614607,CA1|CA3|DG|VIS,0.0,0.0,0.0,1.0,0.0,
loso_ibl,5dcee0eb_probe00,4class,amplitude,logreg,model,0,76200,20100,0.3333333333333333,0.01063317023904976,0.5776085205929324,0.6037810945273632,0.5477780409918592,1.0088563153290293,0.5238938803998063,0.045565471652970674,0.04674150742966892,CA1|DG|VIS,0.24427518725959912,0.24310344827586206,0.49657142857142855,0.9931506849315068,,
loso_ibl,5dcee0eb_probe00,4class,amplitude,logreg,permuted,0,76200,20100,0.3333333333333333,0.01063317023904976,0.3333333333333333,0.36318407960199006,0.17761557177615572,1.185303050535634,0.6778187190599193,0.022597789464429807,0.12407565466377266,CA1|DG|VIS,0.0,0.0,0.0,1.0,,
loso_ibl,d2832a38_probe00,4class,amplitude,logreg,model,0,76500,18300,0.25,0.0146393981472036,0.42002103365384613,0.5575956284153005,0.37940394907365604,1.2150680297670453,0.5881318213907692,0.1465041484712214,0.14650414847122137,CA1|CA3|DG|VIS,0.17002103365384613,0.14211538461538462,0.54,0.99796875,0.0,
loso_ibl,d2832a38_probe00,4class,amplitude,logreg,permuted,0,76500,18300,0.25,0.0146393981472036,0.25,0.34972677595628415,0.12955465587044535,1.2515094651096728,0.6982296211107035,0.014416728956621938,0.23988855413605925,CA1|CA3|DG|VIS,0.0,0.0,0.0,1.0,0.0,
loso_ibl,0802ced5_probe00,5class,amplitude,logreg,model,0,74700,21500,0.25,0.011344356852717015,0.5183381689232753,0.6130232558139534,0.42427235067528435,1.2402240481379143,0.5802337363692374,0.10111542245592532,0.10293440397002537,CA1|CA3|DG|VIS,0.26833816892327533,0.165,0.936969696969697,0.9713829787234043,0.0,
loso_ibl,0802ced5_probe00,5class,amplitude,logreg,permuted,0,74700,21500,0.25,0.011344356852717015,0.4206802063185042,0.4647906976744186,0.2834999359552426,1.5554726485180612,0.7541679555348894,0.11517851698882331,0.13551039510620305,CA1|CA3|DG|VIS,0.17068020631850422,0.0,0.9548484848484848,0.727872340425532,0.0,
loso_ibl,0802ced5_probe01,5class,amplitude,logreg,model,0,75900,18300,0.3333333333333333,0.0111934974006327,0.6636579106280193,0.666775956284153,0.6625878198807427,0.8667689091934999,0.48292582937831496,0.13295656811066311,0.1349306773374691,CA1|DG|VIS,0.33032457729468595,0.61,0.6275362318840579,0.7534375,,
loso_ibl,0802ced5_probe01,5class,amplitude,logreg,permuted,0,75900,18300,0.3333333333333333,0.0111934974006327,0.3333333333333333,0.34972677595628415,0.17273954116059378,1.1751752932702413,0.6783670618716926,0.0317747588566234,0.3115745520651082,CA1|DG|VIS,0.0,0.0,0.0,1.0,,
loso_ibl,0a018f12_probe00,5class,amplitude,logreg,model,0,78200,18000,0.3333333333333333,0.011201664026399284,0.598237381262805,0.6103333333333333,0.5871394255301592,0.8874601816519527,0.5204737306275662,0.0806531992894505,0.08091981103823709,CA1|DG|VIS,0.2649040479294717,0.2889285714285714,0.8064615384615385,0.699322033898305,,
loso_ibl,0a018f12_probe00,5class,amplitude,logreg,permuted,0,78200,18000,0.3333333333333333,0.011201664026399284,0.3333333333333333,0.3277777777777778,0.16457461645746166,1.1653920894752021,0.6799370038080245,0.05147591020486014,0.2853378639000835,CA1|DG|VIS,0.0,0.0,0.0,1.0,,
loso_ibl,3638d102_probe01,5class,amplitude,logreg,model,0,75500,18700,0.3333333333333333,0.011120068074364232,0.6896172043010752,0.7004812834224599,0.6861721618043432,0.8309758147296322,0.45717222754278847,0.14047632990333553,0.13886369619373537,CA1|DG|VIS,0.3562838709677419,0.5372,0.7052,0.8264516129032258,,
loso_ibl,3638d102_probe01,5class,amplitude,logreg,permuted,0,75500,18700,0.3333333333333333,0.011120068074364232,0.3333333333333333,0.3315508021390374,0.16599732262382863,1.184811748088189,0.6841978881845213,0.05448631496380051,0.2111688058347352,CA1|DG|VIS,0.0,0.0,0.0,1.0,,
loso_ibl,54238fd6_probe00,5class,amplitude,logreg,model,0,76500,17700,0.25,0.01270338188330632,0.4558736861861862,0.5939548022598871,0.41035438887548537,1.0934749513827162,0.5923381877582562,0.18739696947806436,0.1897314917943784,CA1|CA3|DG|VIS,0.20587368618618618,0.12625,0.6980555555555555,0.9991891891891892,0.0,
loso_ibl,54238fd6_probe00,5class,amplitude,logreg,permuted,0,76500,17700,0.25,0.01270338188330632,0.25,0.4180790960451977,0.14741035856573706,1.349581486670968,0.7201858619081953,0.05442599929091646,0.30803633825614607,CA1|CA3|DG|VIS,0.0,0.0,0.0,1.0,0.0,
loso_ibl,5dcee0eb_probe00,5class,amplitude,logreg,model,0,76200,20100,0.3333333333333333,0.01063317023904976,0.5776085205929324,0.6037810945273632,0.5477780409918592,1.0088563153290293,0.5238938803998063,0.045565471652970674,0.04674150742966892,CA1|DG|VIS,0.24427518725959912,0.24310344827586206,0.49657142857142855,0.9931506849315068,,
loso_ibl,5dcee0eb_probe00,5class,amplitude,logreg,permuted,0,76200,20100,0.3333333333333333,0.01063317023904976,0.3333333333333333,0.36318407960199006,0.17761557177615572,1.185303050535634,0.6778187190599193,0.022597789464429807,0.12407565466377266,CA1|DG|VIS,0.0,0.0,0.0,1.0,,
loso_ibl,d2832a38_probe00,5class,amplitude,logreg,model,0,76500,18300,0.25,0.0146393981472036,0.42002103365384613,0.5575956284153005,0.37940394907365604,1.2150680297670453,0.5881318213907692,0.1465041484712214,0.14650414847122137,CA1|CA3|DG|VIS,0.17002103365384613,0.14211538461538462,0.54,0.99796875,0.0,
loso_ibl,d2832a38_probe00,5class,amplitude,logreg,permuted,0,76500,18300,0.25,0.0146393981472036,0.25,0.34972677595628415,0.12955465587044535,1.2515094651096728,0.6982296211107035,0.014416728956621938,0.23988855413605925,CA1|CA3|DG|VIS,0.0,0.0,0.0,1.0,0.0,
cross_lab_allen_to_ibl,0802ced5_probe00,4class,bandpower_full,constant,model,0,40700,21500,0.25,0.011344356852717015,0.25,0.4372093023255814,0.15210355987055016,1.2998312457022612,0.699465035834386,0.005051139934860893,0.005051139934860893,CA1|CA3|DG|VIS,0.0,0.0,0.0,1.0,0.0,
cross_lab_allen_to_ibl,0802ced5_probe00,4class,bandpower_full,constant,permuted,0,40700,21500,0.25,0.011344356852717015,0.25,0.4372093023255814,0.15210355987055016,1.2998312457022612,0.699465035834386,0.005051139934860893,0.005051139934860893,CA1|CA3|DG|VIS,0.0,0.0,0.0,1.0,0.0,
cross_lab_allen_to_ibl,0802ced5_probe01,4class,bandpower_full,constant,model,0,40700,18300,0.3333333333333333,0.0111934974006327,0.3333333333333333,0.34972677595628415,0.17273954116059378,1.302465605363888,0.7291184233223142,0.09253366630415827,0.09253366630415827,CA1|DG|VIS,0.0,0.0,0.0,1.0,,
cross_lab_allen_to_ibl,0802ced5_probe01,4class,bandpower_full,constant,permuted,0,40700,18300,0.3333333333333333,0.0111934974006327,0.3333333333333333,0.34972677595628415,0.17273954116059378,1.302465605363888,0.7291184233223142,0.09253366630415827,0.09253366630415827,CA1|DG|VIS,0.0,0.0,0.0,1.0,,
cross_lab_allen_to_ibl,0a018f12_probe00,4class,bandpower_full,constant,model,0,40700,18000,0.3333333333333333,0.011201664026399284,0.3333333333333333,0.3277777777777778,0.16457461645746166,1.2972293138020938,0.7288132000662714,0.11448266448266459,0.11448266448266459,CA1|DG|VIS,0.0,0.0,0.0,1.0,,
cross_lab_allen_to_ibl,0a018f12_probe00,4class,bandpower_full,constant,permuted,0,40700,18000,0.3333333333333333,0.011201664026399284,0.3333333333333333,0.3277777777777778,0.16457461645746166,1.2972293138020938,0.7288132000662714,0.11448266448266459,0.11448266448266459,CA1|DG|VIS,0.0,0.0,0.0,1.0,,
cross_lab_allen_to_ibl,3638d102_probe01,4class,bandpower_full,constant,model,0,40700,18700,0.3333333333333333,0.011120068074364232,0.3333333333333333,0.3315508021390374,0.16599732262382863,1.3262543631811325,0.7416681551672157,0.11070964012140494,0.11070964012140494,CA1|DG|VIS,0.0,0.0,0.0,1.0,,
cross_lab_allen_to_ibl,3638d102_probe01,4class,bandpower_full,constant,permuted,0,40700,18700,0.3333333333333333,0.011120068074364232,0.3333333333333333,0.3315508021390374,0.16599732262382863,1.3262543631811325,0.7416681551672157,0.11070964012140494,0.11070964012140494,CA1|DG|VIS,0.0,0.0,0.0,1.0,,
cross_lab_allen_to_ibl,54238fd6_probe00,4class,bandpower_full,constant,model,0,40700,17700,0.25,0.01270338188330632,0.25,0.4180790960451977,0.14741035856573706,1.2988483222815337,0.7054823191082716,0.024181346215244648,0.024181346215244648,CA1|CA3|DG|VIS,0.0,0.0,0.0,1.0,0.0,
cross_lab_allen_to_ibl,54238fd6_probe00,4class,bandpower_full,constant,permuted,0,40700,17700,0.25,0.01270338188330632,0.25,0.4180790960451977,0.14741035856573706,1.2988483222815337,0.7054823191082716,0.024181346215244648,0.024181346215244648,CA1|CA3|DG|VIS,0.0,0.0,0.0,1.0,0.0,
cross_lab_allen_to_ibl,5dcee0eb_probe00,4class,bandpower_full,constant,model,0,40700,20100,0.3333333333333333,0.01063317023904976,0.3333333333333333,0.36318407960199006,0.17761557177615572,1.2765357298299016,0.7160408619207989,0.0790763626584523,0.0790763626584523,CA1|DG|VIS,0.0,0.0,0.0,1.0,,
cross_lab_allen_to_ibl,5dcee0eb_probe00,4class,bandpower_full,constant,permuted,0,40700,20100,0.3333333333333333,0.01063317023904976,0.3333333333333333,0.36318407960199006,0.17761557177615572,1.2765357298299016,0.7160408619207989,0.0790763626584523,0.0790763626584523,CA1|DG|VIS,0.0,0.0,0.0,1.0,,
cross_lab_allen_to_ibl,d2832a38_probe00,4class,bandpower_full,constant,model,0,40700,18300,0.25,0.0146393981472036,0.25,0.34972677595628415,0.12955465587044535,1.3286674259141806,0.7331462962026462,0.09253366630415827,0.09253366630415827,CA1|CA3|DG|VIS,0.0,0.0,0.0,1.0,0.0,
cross_lab_allen_to_ibl,d2832a38_probe00,4class,bandpower_full,constant,permuted,0,40700,18300,0.25,0.0146393981472036,0.25,0.34972677595628415,0.12955465587044535,1.3286674259141806,0.7331462962026462,0.09253366630415827,0.09253366630415827,CA1|CA3|DG|VIS,0.0,0.0,0.0,1.0,0.0,
cross_lab_allen_to_ibl,0802ced5_probe00,5class,bandpower_full,constant,model,0,41100,21500,0.25,0.011344356852717015,0.25,0.4372093023255814,0.15210355987055016,1.3096112747559012,0.6992988465916983,0.0007469020539805915,0.0007469020539805915,CA1|CA3|DG|VIS,0.0,0.0,0.0,1.0,0.0,
cross_lab_allen_to_ibl,0802ced5_probe00,5class,bandpower_full,constant,permuted,0,41100,21500,0.25,0.011344356852717015,0.25,0.4372093023255814,0.15210355987055016,1.3096112747559012,0.6992988465916983,0.0007469020539805915,0.0007469020539805915,CA1|CA3|DG|VIS,0.0,0.0,0.0,1.0,0.0,
cross_lab_allen_to_ibl,0802ced5_probe01,5class,bandpower_full,constant,model,0,41100,18300,0.3333333333333333,0.0111934974006327,0.3333333333333333,0.34972677595628415,0.17273954116059378,1.3122456344175282,0.7286636366344884,0.08822942842327786,0.08822942842327786,CA1|DG|VIS,0.0,0.0,0.0,1.0,,
cross_lab_allen_to_ibl,0802ced5_probe01,5class,bandpower_full,constant,permuted,0,41100,18300,0.3333333333333333,0.0111934974006327,0.3333333333333333,0.34972677595628415,0.17273954116059378,1.3122456344175282,0.7286636366344884,0.08822942842327786,0.08822942842327786,CA1|DG|VIS,0.0,0.0,0.0,1.0,,
cross_lab_allen_to_ibl,0a018f12_probe00,5class,bandpower_full,constant,model,0,41100,18000,0.3333333333333333,0.011201664026399284,0.3333333333333333,0.3277777777777778,0.16457461645746166,1.3070093428557341,0.7283613839210834,0.11017842660178423,0.11017842660178423,CA1|DG|VIS,0.0,0.0,0.0,1.0,,
cross_lab_allen_to_ibl,0a018f12_probe00,5class,bandpower_full,constant,permuted,0,41100,18000,0.3333333333333333,0.011201664026399284,0.3333333333333333,0.3277777777777778,0.16457461645746166,1.3070093428557341,0.7283613839210834,0.11017842660178423,0.11017842660178423,CA1|DG|VIS,0.0,0.0,0.0,1.0,,
cross_lab_allen_to_ibl,3638d102_probe01,5class,bandpower_full,constant,model,0,41100,18700,0.3333333333333333,0.011120068074364232,0.3333333333333333,0.3315508021390374,0.16599732262382863,1.3360343922347724,0.7410912299699505,0.10640540224052458,0.10640540224052458,CA1|DG|VIS,0.0,0.0,0.0,1.0,,
cross_lab_allen_to_ibl,3638d102_probe01,5class,bandpower_full,constant,permuted,0,41100,18700,0.3333333333333333,0.011120068074364232,0.3333333333333333,0.3315508021390374,0.16599732262382863,1.3360343922347724,0.7410912299699505,0.10640540224052458,0.10640540224052458,CA1|DG|VIS,0.0,0.0,0.0,1.0,,
cross_lab_allen_to_ibl,54238fd6_probe00,5class,bandpower_full,constant,model,0,41100,17700,0.25,0.01270338188330632,0.25,0.4180790960451977,0.14741035856573706,1.3086283513351737,0.7052575674979549,0.01987710833436429,0.01987710833436429,CA1|CA3|DG|VIS,0.0,0.0,0.0,1.0,0.0,
cross_lab_allen_to_ibl,54238fd6_probe00,5class,bandpower_full,constant,permuted,0,41100,17700,0.25,0.01270338188330632,0.25,0.4180790960451977,0.14741035856573706,1.3086283513351737,0.7052575674979549,0.01987710833436429,0.01987710833436429,CA1|CA3|DG|VIS,0.0,0.0,0.0,1.0,0.0,
cross_lab_allen_to_ibl,5dcee0eb_probe00,5class,bandpower_full,constant,model,0,41100,20100,0.3333333333333333,0.01063317023904976,0.3333333333333333,0.36318407960199006,0.17761557177615572,1.2863157588835419,0.7157133507697274,0.07477212477757195,0.07477212477757195,CA1|DG|VIS,0.0,0.0,0.0,1.0,,
cross_lab_allen_to_ibl,5dcee0eb_probe00,5class,bandpower_full,constant,permuted,0,41100,20100,0.3333333333333333,0.01063317023904976,0.3333333333333333,0.36318407960199006,0.17761557177615572,1.2863157588835419,0.7157133507697274,0.07477212477757195,0.07477212477757195,CA1|DG|VIS,0.0,0.0,0.0,1.0,,
cross_lab_allen_to_ibl,d2832a38_probe00,5class,bandpower_full,constant,model,0,41100,18300,0.25,0.0146393981472036,0.25,0.34972677595628415,0.12955465587044535,1.3384474549678207,0.7326523088055227,0.08822942842327786,0.08822942842327786,CA1|CA3|DG|VIS,0.0,0.0,0.0,1.0,0.0,
cross_lab_allen_to_ibl,d2832a38_probe00,5class,bandpower_full,constant,permuted,0,41100,18300,0.25,0.0146393981472036,0.25,0.34972677595628415,0.12955465587044535,1.3384474549678207,0.7326523088055227,0.08822942842327786,0.08822942842327786,CA1|CA3|DG|VIS,0.0,0.0,0.0,1.0,0.0,
cross_lab_allen_to_ibl,0802ced5_probe00,4class,bandpower_full,logreg,model,0,40700,21500,0.25,0.011344356852717015,0.25470795260010226,0.29032558139534886,0.21089007998272202,1.4861211153597025,0.788931227431493,0.21560738421674153,0.2154974013050178,CA1|CA3|DG|VIS,0.004707952600102261,0.6767241379310345,0.13090909090909092,0.19553191489361701,0.015666666666666666,
cross_lab_allen_to_ibl,0802ced5_probe00,4class,bandpower_full,logreg,permuted,0,40700,21500,0.25,0.011344356852717015,0.25,0.4372093023255814,0.15210355987055016,1.2991647222829086,0.6983631598150709,0.00390864978356692,0.10199844665561447,CA1|CA3|DG|VIS,0.0,0.0,0.0,1.0,0.0,
cross_lab_allen_to_ibl,0802ced5_probe01,4class,bandpower_full,logreg,model,0,40700,18300,0.3333333333333333,0.0111934974006327,0.47012817028985504,0.4662295081967213,0.4708846971339818,1.258168421040942,0.6816452660445627,0.08152301422771398,0.08455130256327041,CA1|DG|VIS,0.13679483695652173,0.508,0.4334782608695652,0.46890625,,
cross_lab_allen_to_ibl,0802ced5_probe01,4class,bandpower_full,logreg,permuted,0,40700,18300,0.3333333333333333,0.0111934974006327,0.3333333333333333,0.34972677595628415,0.17273954116059378,1.3003777744496474,0.7266966583396485,0.09075922675085246,0.09856615001939477,CA1|DG|VIS,0.0,0.0,0.0,1.0,,
cross_lab_allen_to_ibl,0a018f12_probe00,4class,bandpower_full,logreg,model,0,40700,18000,0.3333333333333333,0.011201664026399284,0.40838680387409204,0.4018333333333333,0.3705230927598137,1.3981581310560964,0.7419869475269851,0.14903451807215853,0.14739611371068737,CA1|DG|VIS,0.07505347054075873,0.7248214285714286,0.37,0.13033898305084746,,
cross_lab_allen_to_ibl,0a018f12_probe00,4class,bandpower_full,logreg,permuted,0,40700,18000,0.3333333333333333,0.011201664026399284,0.3333333333333333,0.3277777777777778,0.16457461645746166,1.2944552709371977,0.7265401550855211,0.11243314362044993,0.12911745997237348,CA1|DG|VIS,0.0,0.0,0.0,1.0,,
cross_lab_allen_to_ibl,3638d102_probe01,4class,bandpower_full,logreg,model,0,40700,18700,0.3333333333333333,0.011120068074364232,0.4001519713261648,0.3806417112299465,0.3806512977989356,1.4833250586521063,0.8024987355860749,0.22358195746326412,0.22422103271068966,CA1|DG|VIS,0.0668186379928315,0.5798,0.2853333333333333,0.3353225806451613,,
cross_lab_allen_to_ibl,3638d102_probe01,4class,bandpower_full,logreg,permuted,0,40700,18700,0.3333333333333333,0.011120068074364232,0.3333333333333333,0.3315508021390374,0.16599732262382863,1.3236614140724192,0.7400782453266568,0.11905457970035672,0.17841948139759123,CA1|DG|VIS,0.0,0.0,0.0,1.0,,
cross_lab_allen_to_ibl,54238fd6_probe00,4class,bandpower_full,logreg,model,0,40700,17700,0.25,0.01270338188330632,0.37782376126126127,0.5442372881355932,0.32265987756750236,1.2487516137419232,0.6189156813126615,0.10454657220583159,0.10446872246517054,CA1|CA3|DG|VIS,0.12782376126126127,0.5695833333333333,0.018333333333333333,0.9233783783783783,0.0,
cross_lab_allen_to_ibl,54238fd6_probe00,4class,bandpower_full,logreg,permuted,0,40700,17700,0.25,0.01270338188330632,0.25,0.4180790960451977,0.14741035856573706,1.2952094049691665,0.7022628609955842,0.030431696134894826,0.15007762648527764,CA1|CA3|DG|VIS,0.0,0.0,0.0,1.0,0.0,
cross_lab_allen_to_ibl,5dcee0eb_probe00,4class,bandpower_full,logreg,model,0,40700,20100,0.3333333333333333,0.01063317023904976,0.47007672582495447,0.4525373134328358,0.4442690239390139,1.3226981636750499,0.6956327911502944,0.094274516242107,0.0948338610392014,CA1|DG|VIS,0.13674339249162115,0.7160344827586207,0.4154285714285714,0.2787671232876712,,
cross_lab_allen_to_ibl,5dcee0eb_probe00,4class,bandpower_full,logreg,permuted,0,40700,20100,0.3333333333333333,0.01063317023904976,0.3333333333333333,0.36318407960199006,0.17761557177615572,1.2759347776912817,0.7147047075434262,0.07896935497094656,0.12510348906441632,CA1|DG|VIS,0.0,0.0,0.0,1.0,,
cross_lab_allen_to_ibl,d2832a38_probe00,4class,bandpower_full,logreg,model,0,40700,18300,0.25,0.0146393981472036,0.3043747996794872,0.3685245901639344,0.27676508518166143,1.384101195326605,0.75799801370037,0.15802904319948713,0.1578714601889132,CA1|CA3|DG|VIS,0.05437479967948722,0.6478846153846154,0.36333333333333334,0.20328125,0.003,
cross_lab_allen_to_ibl,d2832a38_probe00,4class,bandpower_full,logreg,permuted,0,40700,18300,0.25,0.0146393981472036,0.25,0.34972677595628415,0.12955465587044535,1.3271854766571307,0.7307651109609069,0.09096691227428311,0.18098886191189367,CA1|CA3|DG|VIS,0.0,0.0,0.0,1.0,0.0,
cross_lab_allen_to_ibl,0802ced5_probe00,5class,bandpower_full,logreg,model,0,41100,21500,0.25,0.011344356852717015,0.2547061128526646,0.2901395348837209,0.2110839690210559,1.5044074549724886,0.7867921003661171,0.20629720019928088,0.206160096899681,CA1|CA3|DG|VIS,0.00470611285266459,0.6765517241379311,0.13060606060606061,0.195,0.016666666666666666,
cross_lab_allen_to_ibl,0802ced5_probe00,5class,bandpower_full,logreg,permuted,0,41100,21500,0.25,0.011344356852717015,0.25,0.4372093023255814,0.15210355987055016,1.3131826697641351,0.6983564099637091,0.002810369017536729,0.10718162649079563,CA1|CA3|DG|VIS,0.0,0.0,0.0,1.0,0.0,
cross_lab_allen_to_ibl,0802ced5_probe01,5class,bandpower_full,logreg,model,0,41100,18300,0.3333333333333333,0.0111934974006327,0.46992282608695657,0.46595628415300544,0.47060671543473126,1.27102107665949,0.6797190909073629,0.07699790215360368,0.07778842704655002,CA1|DG|VIS,0.13658949275362325,0.5086,0.4330434782608696,0.468125,,
cross_lab_allen_to_ibl,0802ced5_probe01,5class,bandpower_full,logreg,permuted,0,41100,18300,0.3333333333333333,0.0111934974006327,0.3333333333333333,0.34972677595628415,0.17273954116059378,1.3080890426221288,0.7269708230353366,0.09007489292208376,0.10671788437888396,CA1|DG|VIS,0.0,0.0,0.0,1.0,,
cross_lab_allen_to_ibl,0a018f12_probe00,5class,bandpower_full,logreg,model,0,41100,18000,0.3333333333333333,0.011201664026399284,0.4083294685540448,0.4017777777777778,0.3705477983216579,1.426855522288188,0.7391898009449879,0.13302322348958523,0.13155625888424063,CA1|DG|VIS,0.07499613522071147,0.7244642857142857,0.3698461538461538,0.1306779661016949,,
cross_lab_allen_to_ibl,0a018f12_probe00,5class,bandpower_full,logreg,permuted,0,41100,18000,0.3333333333333333,0.011201664026399284,0.3333333333333333,0.3277777777777778,0.16457461645746166,1.3033950082682555,0.7263849157660563,0.11062261605522744,0.11317687617783503,CA1|DG|VIS,0.0,0.0,0.0,1.0,,
cross_lab_allen_to_ibl,3638d102_probe01,5class,bandpower_full,logreg,model,0,41100,18700,0.3333333333333333,0.011120068074364232,0.4002817204301075,0.38074866310160427,0.38075074833897254,1.5046338398311587,0.7939045174724778,0.21223991618281332,0.21227391480942795,CA1|DG|VIS,0.0669483870967742,0.58,0.2852,0.33564516129032257,,
cross_lab_allen_to_ibl,3638d102_probe01,5class,bandpower_full,logreg,permuted,0,41100,18700,0.3333333333333333,0.011120068074364232,0.3333333333333333,0.3315508021390374,0.16599732262382863,1.3409469858804994,0.7428670214302006,0.11233880131111146,0.1456571080326572,CA1|DG|VIS,0.0,0.0,0.0,1.0,,
cross_lab_allen_to_ibl,54238fd6_probe00,5class,bandpower_full,logreg,model,0,41100,17700,0.25,0.01270338188330632,0.3777533783783784,0.544180790960452,0.3225921058618186,1.257414982295944,0.6166232136138917,0.09952634920079988,0.09912198421820996,CA1|CA3|DG|VIS,0.1277533783783784,0.5691666666666667,0.018333333333333333,0.9235135135135135,0.0,
cross_lab_allen_to_ibl,54238fd6_probe00,5class,bandpower_full,logreg,permuted,0,41100,17700,0.25,0.01270338188330632,0.25,0.4180790960451977,0.14741035856573706,1.30793219965391,0.7033631126490353,0.028120797116584717,0.17484197733276444,CA1|CA3|DG|VIS,0.0,0.0,0.0,1.0,0.0,
cross_lab_allen_to_ibl,5dcee0eb_probe00,5class,bandpower_full,logreg,model,0,41100,20100,0.3333333333333333,0.01063317023904976,0.470074768877792,0.4525373134328358,0.44429079212652395,1.3388314820065246,0.6935998002434952,0.08848207743741358,0.08890967136775814,CA1|DG|VIS,0.13674143554445867,0.7160344827586207,0.41528571428571426,0.2789041095890411,,
cross_lab_allen_to_ibl,5dcee0eb_probe00,5class,bandpower_full,logreg,permuted,0,41100,20100,0.3333333333333333,0.01063317023904976,0.3333333333333333,0.36318407960199006,0.17762205433288322,1.283133027647725,0.7138713330985323,0.07735070316568368,0.13498948361811328,CA1|DG|VIS,0.0,0.0,0.0,1.0,,
cross_lab_allen_to_ibl,d2832a38_probe00,5class,bandpower_full,logreg,model,0,41100,18300,0.25,0.0146393981472036,0.3041867092611336,0.36830601092896176,0.2766120342384548,1.4078800449378155,0.755882423824145,0.14556933332149044,0.1454759003052186,CA1|CA3|DG|VIS,0.054186709261133614,0.6473076923076924,0.3631578947368421,0.20328125,0.003,
cross_lab_allen_to_ibl,d2832a38_probe00,5class,bandpower_full,logreg,permuted,0,41100,18300,0.25,0.0146393981472036,0.25,0.34972677595628415,0.12955465587044535,1.3375760503450294,0.731474243820065,0.09007855544113341,0.11593891522474985,CA1|CA3|DG|VIS,0.0,0.0,0.0,1.0,0.0,
cross_lab_allen_to_ibl,0802ced5_probe00,4class,bandpower_clean,constant,model,0,40700,21500,0.25,0.011344356852717015,0.25,0.4372093023255814,0.15210355987055016,1.2998312457022612,0.699465035834386,0.005051139934860893,0.005051139934860893,CA1|CA3|DG|VIS,0.0,0.0,0.0,1.0,0.0,
cross_lab_allen_to_ibl,0802ced5_probe00,4class,bandpower_clean,constant,permuted,0,40700,21500,0.25,0.011344356852717015,0.25,0.4372093023255814,0.15210355987055016,1.2998312457022612,0.699465035834386,0.005051139934860893,0.005051139934860893,CA1|CA3|DG|VIS,0.0,0.0,0.0,1.0,0.0,
cross_lab_allen_to_ibl,0802ced5_probe01,4class,bandpower_clean,constant,model,0,40700,18300,0.3333333333333333,0.0111934974006327,0.3333333333333333,0.34972677595628415,0.17273954116059378,1.302465605363888,0.7291184233223142,0.09253366630415827,0.09253366630415827,CA1|DG|VIS,0.0,0.0,0.0,1.0,,
cross_lab_allen_to_ibl,0802ced5_probe01,4class,bandpower_clean,constant,permuted,0,40700,18300,0.3333333333333333,0.0111934974006327,0.3333333333333333,0.34972677595628415,0.17273954116059378,1.302465605363888,0.7291184233223142,0.09253366630415827,0.09253366630415827,CA1|DG|VIS,0.0,0.0,0.0,1.0,,
cross_lab_allen_to_ibl,0a018f12_probe00,4class,bandpower_clean,constant,model,0,40700,18000,0.3333333333333333,0.011201664026399284,0.3333333333333333,0.3277777777777778,0.16457461645746166,1.2972293138020938,0.7288132000662714,0.11448266448266459,0.11448266448266459,CA1|DG|VIS,0.0,0.0,0.0,1.0,,
cross_lab_allen_to_ibl,0a018f12_probe00,4class,bandpower_clean,constant,permuted,0,40700,18000,0.3333333333333333,0.011201664026399284,0.3333333333333333,0.3277777777777778,0.16457461645746166,1.2972293138020938,0.7288132000662714,0.11448266448266459,0.11448266448266459,CA1|DG|VIS,0.0,0.0,0.0,1.0,,
cross_lab_allen_to_ibl,3638d102_probe01,4class,bandpower_clean,constant,model,0,40700,18700,0.3333333333333333,0.011120068074364232,0.3333333333333333,0.3315508021390374,0.16599732262382863,1.3262543631811325,0.7416681551672157,0.11070964012140494,0.11070964012140494,CA1|DG|VIS,0.0,0.0,0.0,1.0,,
cross_lab_allen_to_ibl,3638d102_probe01,4class,bandpower_clean,constant,permuted,0,40700,18700,0.3333333333333333,0.011120068074364232,0.3333333333333333,0.3315508021390374,0.16599732262382863,1.3262543631811325,0.7416681551672157,0.11070964012140494,0.11070964012140494,CA1|DG|VIS,0.0,0.0,0.0,1.0,,
cross_lab_allen_to_ibl,54238fd6_probe00,4class,bandpower_clean,constant,model,0,40700,17700,0.25,0.01270338188330632,0.25,0.4180790960451977,0.14741035856573706,1.2988483222815337,0.7054823191082716,0.024181346215244648,0.024181346215244648,CA1|CA3|DG|VIS,0.0,0.0,0.0,1.0,0.0,
cross_lab_allen_to_ibl,54238fd6_probe00,4class,bandpower_clean,constant,permuted,0,40700,17700,0.25,0.01270338188330632,0.25,0.4180790960451977,0.14741035856573706,1.2988483222815337,0.7054823191082716,0.024181346215244648,0.024181346215244648,CA1|CA3|DG|VIS,0.0,0.0,0.0,1.0,0.0,
cross_lab_allen_to_ibl,5dcee0eb_probe00,4class,bandpower_clean,constant,model,0,40700,20100,0.3333333333333333,0.01063317023904976,0.3333333333333333,0.36318407960199006,0.17761557177615572,1.2765357298299016,0.7160408619207989,0.0790763626584523,0.0790763626584523,CA1|DG|VIS,0.0,0.0,0.0,1.0,,
cross_lab_allen_to_ibl,5dcee0eb_probe00,4class,bandpower_clean,constant,permuted,0,40700,20100,0.3333333333333333,0.01063317023904976,0.3333333333333333,0.36318407960199006,0.17761557177615572,1.2765357298299016,0.7160408619207989,0.0790763626584523,0.0790763626584523,CA1|DG|VIS,0.0,0.0,0.0,1.0,,
cross_lab_allen_to_ibl,d2832a38_probe00,4class,bandpower_clean,constant,model,0,40700,18300,0.25,0.0146393981472036,0.25,0.34972677595628415,0.12955465587044535,1.3286674259141806,0.7331462962026462,0.09253366630415827,0.09253366630415827,CA1|CA3|DG|VIS,0.0,0.0,0.0,1.0,0.0,
cross_lab_allen_to_ibl,d2832a38_probe00,4class,bandpower_clean,constant,permuted,0,40700,18300,0.25,0.0146393981472036,0.25,0.34972677595628415,0.12955465587044535,1.3286674259141806,0.7331462962026462,0.09253366630415827,0.09253366630415827,CA1|CA3|DG|VIS,0.0,0.0,0.0,1.0,0.0,
cross_lab_allen_to_ibl,0802ced5_probe00,5class,bandpower_clean,constant,model,0,41100,21500,0.25,0.011344356852717015,0.25,0.4372093023255814,0.15210355987055016,1.3096112747559012,0.6992988465916983,0.0007469020539805915,0.0007469020539805915,CA1|CA3|DG|VIS,0.0,0.0,0.0,1.0,0.0,
cross_lab_allen_to_ibl,0802ced5_probe00,5class,bandpower_clean,constant,permuted,0,41100,21500,0.25,0.011344356852717015,0.25,0.4372093023255814,0.15210355987055016,1.3096112747559012,0.6992988465916983,0.0007469020539805915,0.0007469020539805915,CA1|CA3|DG|VIS,0.0,0.0,0.0,1.0,0.0,
cross_lab_allen_to_ibl,0802ced5_probe01,5class,bandpower_clean,constant,model,0,41100,18300,0.3333333333333333,0.0111934974006327,0.3333333333333333,0.34972677595628415,0.17273954116059378,1.3122456344175282,0.7286636366344884,0.08822942842327786,0.08822942842327786,CA1|DG|VIS,0.0,0.0,0.0,1.0,,
cross_lab_allen_to_ibl,0802ced5_probe01,5class,bandpower_clean,constant,permuted,0,41100,18300,0.3333333333333333,0.0111934974006327,0.3333333333333333,0.34972677595628415,0.17273954116059378,1.3122456344175282,0.7286636366344884,0.08822942842327786,0.08822942842327786,CA1|DG|VIS,0.0,0.0,0.0,1.0,,
cross_lab_allen_to_ibl,0a018f12_probe00,5class,bandpower_clean,constant,model,0,41100,18000,0.3333333333333333,0.011201664026399284,0.3333333333333333,0.3277777777777778,0.16457461645746166,1.3070093428557341,0.7283613839210834,0.11017842660178423,0.11017842660178423,CA1|DG|VIS,0.0,0.0,0.0,1.0,,
cross_lab_allen_to_ibl,0a018f12_probe00,5class,bandpower_clean,constant,permuted,0,41100,18000,0.3333333333333333,0.011201664026399284,0.3333333333333333,0.3277777777777778,0.16457461645746166,1.3070093428557341,0.7283613839210834,0.11017842660178423,0.11017842660178423,CA1|DG|VIS,0.0,0.0,0.0,1.0,,
cross_lab_allen_to_ibl,3638d102_probe01,5class,bandpower_clean,constant,model,0,41100,18700,0.3333333333333333,0.011120068074364232,0.3333333333333333,0.3315508021390374,0.16599732262382863,1.3360343922347724,0.7410912299699505,0.10640540224052458,0.10640540224052458,CA1|DG|VIS,0.0,0.0,0.0,1.0,,
cross_lab_allen_to_ibl,3638d102_probe01,5class,bandpower_clean,constant,permuted,0,41100,18700,0.3333333333333333,0.011120068074364232,0.3333333333333333,0.3315508021390374,0.16599732262382863,1.3360343922347724,0.7410912299699505,0.10640540224052458,0.10640540224052458,CA1|DG|VIS,0.0,0.0,0.0,1.0,,
cross_lab_allen_to_ibl,54238fd6_probe00,5class,bandpower_clean,constant,model,0,41100,17700,0.25,0.01270338188330632,0.25,0.4180790960451977,0.14741035856573706,1.3086283513351737,0.7052575674979549,0.01987710833436429,0.01987710833436429,CA1|CA3|DG|VIS,0.0,0.0,0.0,1.0,0.0,
cross_lab_allen_to_ibl,54238fd6_probe00,5class,bandpower_clean,constant,permuted,0,41100,17700,0.25,0.01270338188330632,0.25,0.4180790960451977,0.14741035856573706,1.3086283513351737,0.7052575674979549,0.01987710833436429,0.01987710833436429,CA1|CA3|DG|VIS,0.0,0.0,0.0,1.0,0.0,
cross_lab_allen_to_ibl,5dcee0eb_probe00,5class,bandpower_clean,constant,model,0,41100,20100,0.3333333333333333,0.01063317023904976,0.3333333333333333,0.36318407960199006,0.17761557177615572,1.2863157588835419,0.7157133507697274,0.07477212477757195,0.07477212477757195,CA1|DG|VIS,0.0,0.0,0.0,1.0,,
cross_lab_allen_to_ibl,5dcee0eb_probe00,5class,bandpower_clean,constant,permuted,0,41100,20100,0.3333333333333333,0.01063317023904976,0.3333333333333333,0.36318407960199006,0.17761557177615572,1.2863157588835419,0.7157133507697274,0.07477212477757195,0.07477212477757195,CA1|DG|VIS,0.0,0.0,0.0,1.0,,
cross_lab_allen_to_ibl,d2832a38_probe00,5class,bandpower_clean,constant,model,0,41100,18300,0.25,0.0146393981472036,0.25,0.34972677595628415,0.12955465587044535,1.3384474549678207,0.7326523088055227,0.08822942842327786,0.08822942842327786,CA1|CA3|DG|VIS,0.0,0.0,0.0,1.0,0.0,
cross_lab_allen_to_ibl,d2832a38_probe00,5class,bandpower_clean,constant,permuted,0,41100,18300,0.25,0.0146393981472036,0.25,0.34972677595628415,0.12955465587044535,1.3384474549678207,0.7326523088055227,0.08822942842327786,0.08822942842327786,CA1|CA3|DG|VIS,0.0,0.0,0.0,1.0,0.0,
cross_lab_allen_to_ibl,0802ced5_probe00,4class,bandpower_clean,logreg,model,0,40700,21500,0.25,0.011344356852717015,0.31672085862291294,0.477953488372093,0.27656539310977923,1.3190528818425387,0.6909745674215481,0.07710627047017224,0.07712366864994594,CA1|CA3|DG|VIS,0.06672085862291294,0.41758620689655174,0.021212121212121213,0.8280851063829787,0.0,
cross_lab_allen_to_ibl,0802ced5_probe00,4class,bandpower_clean,logreg,permuted,0,40700,21500,0.25,0.011344356852717015,0.25,0.4372093023255814,0.15210355987055016,1.3003809147498728,0.6988403628183951,0.0061047913283096,0.1158339364931481,CA1|CA3|DG|VIS,0.0,0.0,0.0,1.0,0.0,
cross_lab_allen_to_ibl,0802ced5_probe01,4class,bandpower_clean,logreg,model,0,40700,18300,0.3333333333333333,0.0111934974006327,0.38276660628019327,0.3826229508196721,0.3292306949179607,1.4909418022634495,0.8006081877196055,0.19278596331243839,0.19506389120695342,CA1|DG|VIS,0.04943327294685995,0.282,0.0953623188405797,0.7709375,,
cross_lab_allen_to_ibl,0802ced5_probe01,4class,bandpower_clean,logreg,permuted,0,40700,18300,0.3333333333333333,0.0111934974006327,0.3333333333333333,0.34972677595628415,0.17273954116059378,1.305113424426482,0.7289375053245867,0.09314321984907681,0.09532203300026698,CA1|DG|VIS,0.0,0.0,0.0,1.0,,
cross_lab_allen_to_ibl,0a018f12_probe00,4class,bandpower_clean,logreg,model,0,40700,18000,0.3333333333333333,0.011201664026399284,0.4203331626001117,0.407,0.37079198219412807,1.4090815006890707,0.7486815046779919,0.12743518639823948,0.12733923632141275,CA1|DG|VIS,0.0869998292667784,0.5719642857142857,0.09615384615384616,0.5928813559322034,,
cross_lab_allen_to_ibl,0a018f12_probe00,4class,bandpower_clean,logreg,permuted,0,40700,18000,0.3333333333333333,0.011201664026399284,0.3333333333333333,0.3277777777777778,0.16457461645746166,1.299102223663689,0.7287114467393829,0.11496022454168621,0.11496022454168621,CA1|DG|VIS,0.0,0.0,0.0,1.0,,
cross_lab_allen_to_ibl,3638d102_probe01,4class,bandpower_clean,logreg,model,0,40700,18700,0.3333333333333333,0.011120068074364232,0.3591935483870968,0.34149732620320855,0.2610882390442758,1.8044544415632533,0.9128437643230651,0.3281440451190235,0.32814404511902356,CA1|DG|VIS,0.025860215053763458,0.2532,0.0068,0.8175806451612904,,
cross_lab_allen_to_ibl,3638d102_probe01,4class,bandpower_clean,logreg,permuted,0,40700,18700,0.3333333333333333,0.011120068074364232,0.3333333333333333,0.3315508021390374,0.16599732262382863,1.3275802983606886,0.7414064779987833,0.14031169020168321,0.16986868725184456,CA1|DG|VIS,0.0,0.0,0.0,1.0,,
cross_lab_allen_to_ibl,54238fd6_probe00,4class,bandpower_clean,logreg,model,0,40700,17700,0.25,0.01270338188330632,0.3240657845345345,0.49062146892655367,0.2667371229708407,1.5077626485427447,0.7427099184261657,0.21529626689802187,0.21434184427681247,CA1|CA3|DG|VIS,0.0740657845345345,0.3489583333333333,0.0002777777777777778,0.947027027027027,0.0,
cross_lab_allen_to_ibl,54238fd6_probe00,4class,bandpower_clean,logreg,permuted,0,40700,17700,0.25,0.01270338188330632,0.25,0.4180790960451977,0.14741035856573706,1.2963779599145466,0.702942002147443,0.035741954335832264,0.11738181175822959,CA1|CA3|DG|VIS,0.0,0.0,0.0,1.0,0.0,
cross_lab_allen_to_ibl,5dcee0eb_probe00,4class,bandpower_clean,logreg,model,0,40700,20100,0.3333333333333333,0.01063317023904976,0.4482937445171739,0.45492537313432835,0.38975159798897696,1.3715277427711021,0.7127134333471624,0.13758226721799774,0.13757514191835032,CA1|DG|VIS,0.1149604111838406,0.43551724137931036,0.06785714285714285,0.8415068493150685,,
cross_lab_allen_to_ibl,5dcee0eb_probe00,4class,bandpower_clean,logreg,permuted,0,40700,20100,0.3333333333333333,0.01063317023904976,0.3333333333333333,0.36318407960199006,0.17761557177615572,1.2797903575585388,0.7162097295247397,0.0819372478088752,0.1105335735857184,CA1|DG|VIS,0.0,0.0,0.0,1.0,,
cross_lab_allen_to_ibl,d2832a38_probe00,4class,bandpower_clean,logreg,model,0,40700,18300,0.25,0.0146393981472036,0.2997517607118758,0.38901639344262295,0.26465434556969225,1.4332744370558967,0.7706062729505261,0.16088713857956558,0.15987361745477746,CA1|CA3|DG|VIS,0.049751760711875814,0.4034615384615385,0.10070175438596492,0.69484375,0.0,
cross_lab_allen_to_ibl,d2832a38_probe00,4class,bandpower_clean,logreg,permuted,0,40700,18300,0.25,0.0146393981472036,0.25,0.34972677595628415,0.12955465587044535,1.330831263049975,0.7324572284773119,0.09349031828230864,0.14780654964192597,CA1|CA3|DG|VIS,0.0,0.0,0.0,1.0,0.0,
cross_lab_allen_to_ibl,0802ced5_probe00,5class,bandpower_clean,logreg,model,0,41100,21500,0.25,0.011344356852717015,0.31669426287823205,0.47790697674418603,0.27652828562818627,1.328534066018748,0.6907394331838214,0.07636958654613026,0.0782413977808653,CA1|CA3|DG|VIS,0.06669426287823205,0.41758620689655174,0.021212121212121213,0.8279787234042553,0.0,
cross_lab_allen_to_ibl,0802ced5_probe00,5class,bandpower_clean,logreg,permuted,0,41100,21500,0.25,0.011344356852717015,0.25,0.4372093023255814,0.15210355987055016,1.3136837175105334,0.6987498942787298,0.002202246497372773,0.09821022572257326,CA1|CA3|DG|VIS,0.0,0.0,0.0,1.0,0.0,
cross_lab_allen_to_ibl,0802ced5_probe01,5class,bandpower_clean,logreg,model,0,41100,18300,0.3333333333333333,0.0111934974006327,0.3829298913043478,0.38278688524590165,0.3294778279041296,1.4987741211346823,0.8000021947931906,0.19156119544211553,0.19333300247970378,CA1|DG|VIS,0.04959655797101448,0.2822,0.09565217391304348,0.7709375,,
cross_lab_allen_to_ibl,0802ced5_probe01,5class,bandpower_clean,logreg,permuted,0,41100,18300,0.3333333333333333,0.0111934974006327,0.3333333333333333,0.34972677595628415,0.17273954116059378,1.3113842362053942,0.7276708336204994,0.08910123003414488,0.09984752903767027,CA1|DG|VIS,0.0,0.0,0.0,1.0,,
cross_lab_allen_to_ibl,0a018f12_probe00,5class,bandpower_clean,logreg,model,0,41100,18000,0.3333333333333333,0.011201664026399284,0.41994676227727074,0.4066111111111111,0.3704642165606093,1.4234334089568808,0.7481322543084,0.12090519963818135,0.12290456211548344,CA1|DG|VIS,0.08661342894393742,0.5725,0.09615384615384616,0.5911864406779661,,
cross_lab_allen_to_ibl,0a018f12_probe00,5class,bandpower_clean,logreg,permuted,0,41100,18000,0.3333333333333333,0.011201664026399284,0.3333333333333333,0.3277777777777778,0.16457461645746166,1.306843503104248,0.7272081669651376,0.1100483864063041,0.11441252713326813,CA1|DG|VIS,0.0,0.0,0.0,1.0,,
cross_lab_allen_to_ibl,3638d102_probe01,5class,bandpower_clean,logreg,model,0,41100,18700,0.3333333333333333,0.011120068074364232,0.358763440860215,0.34106951871657754,0.26080773406923763,1.8152265896886206,0.9107660637223648,0.3233353004752223,0.32333530047522235,CA1|DG|VIS,0.025430107526881685,0.2532,0.0068,0.8162903225806452,,
cross_lab_allen_to_ibl,3638d102_probe01,5class,bandpower_clean,logreg,permuted,0,41100,18700,0.3333333333333333,0.011120068074364232,0.3333333333333333,0.3315508021390374,0.16599732262382863,1.3452089734769062,0.7434178135040767,0.11200573013146536,0.15597345582999983,CA1|DG|VIS,0.0,0.0,0.0,1.0,,
cross_lab_allen_to_ibl,54238fd6_probe00,5class,bandpower_clean,logreg,model,0,41100,17700,0.25,0.01270338188330632,0.32391234984984985,0.4903954802259887,0.26656997370443725,1.5154200343859803,0.7417204629937195,0.21182798108119583,0.21060329012009024,CA1|CA3|DG|VIS,0.07391234984984985,0.34875,0.0002777777777777778,0.9466216216216217,0.0,
cross_lab_allen_to_ibl,54238fd6_probe00,5class,bandpower_clean,logreg,permuted,0,41100,17700,0.25,0.01270338188330632,0.25,0.4180790960451977,0.14741035856573706,1.30888935566592,0.7037820126916796,0.027799958483178566,0.1838645373636572,CA1|CA3|DG|VIS,0.0,0.0,0.0,1.0,0.0,
cross_lab_allen_to_ibl,5dcee0eb_probe00,5class,bandpower_clean,logreg,model,0,41100,20100,0.3333333333333333,0.01063317023904976,0.4486086330611602,0.4551741293532338,0.3901659741618662,1.3795160008177916,0.7121178503109625,0.13367128842944173,0.13356545009500567,CA1|DG|VIS,0.11527529972782691,0.4367241379310345,0.06814285714285714,0.8409589041095891,,
cross_lab_allen_to_ibl,5dcee0eb_probe00,5class,bandpower_clean,logreg,permuted,0,41100,20100,0.3333333333333333,0.01063317023904976,0.3333333333333333,0.36318407960199006,0.17762205433288322,1.287122213485868,0.7149640142735761,0.07668423431437188,0.12940395680379474,CA1|DG|VIS,0.0,0.0,0.0,1.0,,
cross_lab_allen_to_ibl,d2832a38_probe00,5class,bandpower_clean,logreg,model,0,41100,18300,0.25,0.0146393981472036,0.29940199055330635,0.38846994535519125,0.2644211300075157,1.4455495222684351,0.7705294293383042,0.15569449789332915,0.15586478785952884,CA1|CA3|DG|VIS,0.04940199055330635,0.4042307692307692,0.10087719298245613,0.6925,0.0,
cross_lab_allen_to_ibl,d2832a38_probe00,5class,bandpower_clean,logreg,permuted,0,41100,18300,0.25,0.0146393981472036,0.25,0.34972677595628415,0.12955465587044535,1.3385917044928273,0.7315539435385189,0.08925675466089744,0.1331290850393974,CA1|CA3|DG|VIS,0.0,0.0,0.0,1.0,0.0,
cross_lab_allen_to_ibl,0802ced5_probe00,4class,geometry,constant,model,0,40700,21500,0.25,0.011344356852717015,0.25,0.4372093023255814,0.15210355987055016,1.2998312457022612,0.699465035834386,0.005051139934860893,0.005051139934860893,CA1|CA3|DG|VIS,0.0,0.0,0.0,1.0,0.0,
cross_lab_allen_to_ibl,0802ced5_probe00,4class,geometry,constant,permuted,0,40700,21500,0.25,0.011344356852717015,0.25,0.4372093023255814,0.15210355987055016,1.2998312457022612,0.699465035834386,0.005051139934860893,0.005051139934860893,CA1|CA3|DG|VIS,0.0,0.0,0.0,1.0,0.0,
cross_lab_allen_to_ibl,0802ced5_probe01,4class,geometry,constant,model,0,40700,18300,0.3333333333333333,0.0111934974006327,0.3333333333333333,0.34972677595628415,0.17273954116059378,1.302465605363888,0.7291184233223142,0.09253366630415827,0.09253366630415827,CA1|DG|VIS,0.0,0.0,0.0,1.0,,
cross_lab_allen_to_ibl,0802ced5_probe01,4class,geometry,constant,permuted,0,40700,18300,0.3333333333333333,0.0111934974006327,0.3333333333333333,0.34972677595628415,0.17273954116059378,1.302465605363888,0.7291184233223142,0.09253366630415827,0.09253366630415827,CA1|DG|VIS,0.0,0.0,0.0,1.0,,
cross_lab_allen_to_ibl,0a018f12_probe00,4class,geometry,constant,model,0,40700,18000,0.3333333333333333,0.011201664026399284,0.3333333333333333,0.3277777777777778,0.16457461645746166,1.2972293138020938,0.7288132000662714,0.11448266448266459,0.11448266448266459,CA1|DG|VIS,0.0,0.0,0.0,1.0,,
cross_lab_allen_to_ibl,0a018f12_probe00,4class,geometry,constant,permuted,0,40700,18000,0.3333333333333333,0.011201664026399284,0.3333333333333333,0.3277777777777778,0.16457461645746166,1.2972293138020938,0.7288132000662714,0.11448266448266459,0.11448266448266459,CA1|DG|VIS,0.0,0.0,0.0,1.0,,
cross_lab_allen_to_ibl,3638d102_probe01,4class,geometry,constant,model,0,40700,18700,0.3333333333333333,0.011120068074364232,0.3333333333333333,0.3315508021390374,0.16599732262382863,1.3262543631811325,0.7416681551672157,0.11070964012140494,0.11070964012140494,CA1|DG|VIS,0.0,0.0,0.0,1.0,,
cross_lab_allen_to_ibl,3638d102_probe01,4class,geometry,constant,permuted,0,40700,18700,0.3333333333333333,0.011120068074364232,0.3333333333333333,0.3315508021390374,0.16599732262382863,1.3262543631811325,0.7416681551672157,0.11070964012140494,0.11070964012140494,CA1|DG|VIS,0.0,0.0,0.0,1.0,,
cross_lab_allen_to_ibl,54238fd6_probe00,4class,geometry,constant,model,0,40700,17700,0.25,0.01270338188330632,0.25,0.4180790960451977,0.14741035856573706,1.2988483222815337,0.7054823191082716,0.024181346215244648,0.024181346215244648,CA1|CA3|DG|VIS,0.0,0.0,0.0,1.0,0.0,
cross_lab_allen_to_ibl,54238fd6_probe00,4class,geometry,constant,permuted,0,40700,17700,0.25,0.01270338188330632,0.25,0.4180790960451977,0.14741035856573706,1.2988483222815337,0.7054823191082716,0.024181346215244648,0.024181346215244648,CA1|CA3|DG|VIS,0.0,0.0,0.0,1.0,0.0,
cross_lab_allen_to_ibl,5dcee0eb_probe00,4class,geometry,constant,model,0,40700,20100,0.3333333333333333,0.01063317023904976,0.3333333333333333,0.36318407960199006,0.17761557177615572,1.2765357298299016,0.7160408619207989,0.0790763626584523,0.0790763626584523,CA1|DG|VIS,0.0,0.0,0.0,1.0,,
cross_lab_allen_to_ibl,5dcee0eb_probe00,4class,geometry,constant,permuted,0,40700,20100,0.3333333333333333,0.01063317023904976,0.3333333333333333,0.36318407960199006,0.17761557177615572,1.2765357298299016,0.7160408619207989,0.0790763626584523,0.0790763626584523,CA1|DG|VIS,0.0,0.0,0.0,1.0,,
cross_lab_allen_to_ibl,d2832a38_probe00,4class,geometry,constant,model,0,40700,18300,0.25,0.0146393981472036,0.25,0.34972677595628415,0.12955465587044535,1.3286674259141806,0.7331462962026462,0.09253366630415827,0.09253366630415827,CA1|CA3|DG|VIS,0.0,0.0,0.0,1.0,0.0,
cross_lab_allen_to_ibl,d2832a38_probe00,4class,geometry,constant,permuted,0,40700,18300,0.25,0.0146393981472036,0.25,0.34972677595628415,0.12955465587044535,1.3286674259141806,0.7331462962026462,0.09253366630415827,0.09253366630415827,CA1|CA3|DG|VIS,0.0,0.0,0.0,1.0,0.0,
cross_lab_allen_to_ibl,0802ced5_probe00,5class,geometry,constant,model,0,41100,21500,0.25,0.011344356852717015,0.25,0.4372093023255814,0.15210355987055016,1.3096112747559012,0.6992988465916983,0.0007469020539805915,0.0007469020539805915,CA1|CA3|DG|VIS,0.0,0.0,0.0,1.0,0.0,
cross_lab_allen_to_ibl,0802ced5_probe00,5class,geometry,constant,permuted,0,41100,21500,0.25,0.011344356852717015,0.25,0.4372093023255814,0.15210355987055016,1.3096112747559012,0.6992988465916983,0.0007469020539805915,0.0007469020539805915,CA1|CA3|DG|VIS,0.0,0.0,0.0,1.0,0.0,
cross_lab_allen_to_ibl,0802ced5_probe01,5class,geometry,constant,model,0,41100,18300,0.3333333333333333,0.0111934974006327,0.3333333333333333,0.34972677595628415,0.17273954116059378,1.3122456344175282,0.7286636366344884,0.08822942842327786,0.08822942842327786,CA1|DG|VIS,0.0,0.0,0.0,1.0,,
cross_lab_allen_to_ibl,0802ced5_probe01,5class,geometry,constant,permuted,0,41100,18300,0.3333333333333333,0.0111934974006327,0.3333333333333333,0.34972677595628415,0.17273954116059378,1.3122456344175282,0.7286636366344884,0.08822942842327786,0.08822942842327786,CA1|DG|VIS,0.0,0.0,0.0,1.0,,
cross_lab_allen_to_ibl,0a018f12_probe00,5class,geometry,constant,model,0,41100,18000,0.3333333333333333,0.011201664026399284,0.3333333333333333,0.3277777777777778,0.16457461645746166,1.3070093428557341,0.7283613839210834,0.11017842660178423,0.11017842660178423,CA1|DG|VIS,0.0,0.0,0.0,1.0,,
cross_lab_allen_to_ibl,0a018f12_probe00,5class,geometry,constant,permuted,0,41100,18000,0.3333333333333333,0.011201664026399284,0.3333333333333333,0.3277777777777778,0.16457461645746166,1.3070093428557341,0.7283613839210834,0.11017842660178423,0.11017842660178423,CA1|DG|VIS,0.0,0.0,0.0,1.0,,
cross_lab_allen_to_ibl,3638d102_probe01,5class,geometry,constant,model,0,41100,18700,0.3333333333333333,0.011120068074364232,0.3333333333333333,0.3315508021390374,0.16599732262382863,1.3360343922347724,0.7410912299699505,0.10640540224052458,0.10640540224052458,CA1|DG|VIS,0.0,0.0,0.0,1.0,,
cross_lab_allen_to_ibl,3638d102_probe01,5class,geometry,constant,permuted,0,41100,18700,0.3333333333333333,0.011120068074364232,0.3333333333333333,0.3315508021390374,0.16599732262382863,1.3360343922347724,0.7410912299699505,0.10640540224052458,0.10640540224052458,CA1|DG|VIS,0.0,0.0,0.0,1.0,,
cross_lab_allen_to_ibl,54238fd6_probe00,5class,geometry,constant,model,0,41100,17700,0.25,0.01270338188330632,0.25,0.4180790960451977,0.14741035856573706,1.3086283513351737,0.7052575674979549,0.01987710833436429,0.01987710833436429,CA1|CA3|DG|VIS,0.0,0.0,0.0,1.0,0.0,
cross_lab_allen_to_ibl,54238fd6_probe00,5class,geometry,constant,permuted,0,41100,17700,0.25,0.01270338188330632,0.25,0.4180790960451977,0.14741035856573706,1.3086283513351737,0.7052575674979549,0.01987710833436429,0.01987710833436429,CA1|CA3|DG|VIS,0.0,0.0,0.0,1.0,0.0,
cross_lab_allen_to_ibl,5dcee0eb_probe00,5class,geometry,constant,model,0,41100,20100,0.3333333333333333,0.01063317023904976,0.3333333333333333,0.36318407960199006,0.17761557177615572,1.2863157588835419,0.7157133507697274,0.07477212477757195,0.07477212477757195,CA1|DG|VIS,0.0,0.0,0.0,1.0,,
cross_lab_allen_to_ibl,5dcee0eb_probe00,5class,geometry,constant,permuted,0,41100,20100,0.3333333333333333,0.01063317023904976,0.3333333333333333,0.36318407960199006,0.17761557177615572,1.2863157588835419,0.7157133507697274,0.07477212477757195,0.07477212477757195,CA1|DG|VIS,0.0,0.0,0.0,1.0,,
cross_lab_allen_to_ibl,d2832a38_probe00,5class,geometry,constant,model,0,41100,18300,0.25,0.0146393981472036,0.25,0.34972677595628415,0.12955465587044535,1.3384474549678207,0.7326523088055227,0.08822942842327786,0.08822942842327786,CA1|CA3|DG|VIS,0.0,0.0,0.0,1.0,0.0,
cross_lab_allen_to_ibl,d2832a38_probe00,5class,geometry,constant,permuted,0,41100,18300,0.25,0.0146393981472036,0.25,0.34972677595628415,0.12955465587044535,1.3384474549678207,0.7326523088055227,0.08822942842327786,0.08822942842327786,CA1|CA3|DG|VIS,0.0,0.0,0.0,1.0,0.0,
cross_lab_allen_to_ibl,0802ced5_probe00,4class,geometry,logreg,model,0,40700,21500,0.25,0.011344356852717015,0.4148936170212766,0.4418604651162791,0.28742762613730355,3.606336328515784,1.067960275916493,0.5418137870274067,0.5294010502086256,CA1|CA3|DG|VIS,0.16489361702127658,0.0,1.0,0.6595744680851063,0.0,
cross_lab_allen_to_ibl,0802ced5_probe00,4class,geometry,logreg,permuted,0,40700,21500,0.25,0.011344356852717015,0.25,0.4372093023255814,0.15210355987055016,1.2950232045826657,0.6919185668287093,0.44273003092257435,0.46444783959632974,CA1|CA3|DG|VIS,0.0,0.0,0.0,1.0,0.0,
cross_lab_allen_to_ibl,0802ced5_probe01,4class,geometry,logreg,model,0,40700,18300,0.3333333333333333,0.0111934974006327,0.5833333333333334,0.639344262295082,0.511204481792717,2.822009178310265,0.6902703477562269,0.33949312584527336,0.33652996742476143,CA1|DG|VIS,0.25000000000000006,0.0,1.0,0.75,,
cross_lab_allen_to_ibl,0802ced5_probe01,4class,geometry,logreg,permuted,0,40700,18300,0.3333333333333333,0.0111934974006327,0.3333333333333333,0.34972677595628415,0.17273954116059378,1.29970971419173,0.7266445721128864,0.13337720752033178,0.4700784140943899,CA1|DG|VIS,0.0,0.0,0.0,1.0,,
cross_lab_allen_to_ibl,0a018f12_probe00,4class,geometry,logreg,model,0,40700,18000,0.3333333333333333,0.011201664026399284,0.5988700564971752,0.6222222222222222,0.5144527031319485,3.0340610312814165,0.7180504010592944,0.36007421651296745,0.3536092809037457,CA1|DG|VIS,0.26553672316384186,0.0,1.0,0.7966101694915254,,
cross_lab_allen_to_ibl,0a018f12_probe00,4class,geometry,logreg,permuted,0,40700,18000,0.3333333333333333,0.011201664026399284,0.3333333333333333,0.3277777777777778,0.16457461645746166,1.3041322930146904,0.7321573181877732,0.1422766929830634,0.48081388583496093,CA1|DG|VIS,0.0,0.0,0.0,1.0,,
cross_lab_allen_to_ibl,3638d102_probe01,4class,geometry,logreg,model,0,40700,18700,0.3333333333333333,0.011120068074364232,0.6344086021505376,0.7005347593582888,0.5591026273929022,1.9460930500570524,0.5731538433149898,0.28511395228057324,0.2747336690843382,CA1|DG|VIS,0.3010752688172043,0.0,1.0,0.9032258064516129,,
cross_lab_allen_to_ibl,3638d102_probe01,4class,geometry,logreg,permuted,0,40700,18700,0.3333333333333333,0.011120068074364232,0.3333333333333333,0.3315508021390374,0.16599732262382863,1.3224220158458528,0.7390554878101412,0.3098804093729733,0.48511254815519267,CA1|DG|VIS,0.0,0.0,0.0,1.0,,
cross_lab_allen_to_ibl,54238fd6_probe00,4class,geometry,logreg,model,0,40700,17700,0.25,0.01270338188330632,0.4054054054054054,0.4632768361581921,0.2994510978043912,4.4422698067626625,1.0397632830522543,0.5123262669151077,0.5125690966592984,CA1|CA3|DG|VIS,0.15540540540540537,0.0,1.0,0.6216216216216216,0.0,
cross_lab_allen_to_ibl,54238fd6_probe00,4class,geometry,logreg,permuted,0,40700,17700,0.25,0.01270338188330632,0.25,0.4180790960451977,0.14741035856573706,1.2940075863762366,0.7002130110184196,0.1680821939443901,0.46757969748912764,CA1|CA3|DG|VIS,0.0,0.0,0.0,1.0,0.0,
cross_lab_allen_to_ibl,5dcee0eb_probe00,4class,geometry,logreg,model,0,40700,20100,0.3333333333333333,0.01063317023904976,0.5753424657534246,0.6119402985074627,0.4944905587107422,2.829520170986671,0.7325246611598799,0.36405752201249586,0.3625364508275772,CA1|DG|VIS,0.2420091324200913,0.0,1.0,0.726027397260274,,
cross_lab_allen_to_ibl,5dcee0eb_probe00,4class,geometry,logreg,permuted,0,40700,20100,0.3333333333333333,0.01063317023904976,0.3333333333333333,0.36318407960199006,0.17761557177615572,1.2768596938551666,0.7140083004958577,0.25844536139851104,0.45548633339876216,CA1|DG|VIS,0.0,0.0,0.0,1.0,,
cross_lab_allen_to_ibl,d2832a38_probe00,4class,geometry,logreg,model,0,40700,18300,0.25,0.0146393981472036,0.4375,0.5737704918032787,0.3627232142857143,3.29123021192258,0.81402074162288,0.40841888079669136,0.4016050372188819,CA1|CA3|DG|VIS,0.1875,0.0,1.0,0.75,0.0,
cross_lab_allen_to_ibl,d2832a38_probe00,4class,geometry,logreg,permuted,0,40700,18300,0.25,0.0146393981472036,0.25,0.34972677595628415,0.12955465587044535,1.3280047734595937,0.7323580319337121,0.14868844346760127,0.4699355416952912,CA1|CA3|DG|VIS,0.0,0.0,0.0,1.0,0.0,
cross_lab_allen_to_ibl,0802ced5_probe00,5class,geometry,logreg,model,0,41100,21500,0.25,0.011344356852717015,0.4095744680851064,0.4325581395348837,0.28257115225200335,3.862326758592323,1.095484151543382,0.5495632427125543,0.5391536372108277,CA1|CA3|DG|VIS,0.1595744680851064,0.0,1.0,0.6382978723404256,0.0,
cross_lab_allen_to_ibl,0802ced5_probe00,5class,geometry,logreg,permuted,0,41100,21500,0.25,0.011344356852717015,0.25,0.4372093023255814,0.15210355987055016,1.3055613592101984,0.6947225720654242,0.01979785787134669,0.46471046344077566,CA1|CA3|DG|VIS,0.0,0.0,0.0,1.0,0.0,
cross_lab_allen_to_ibl,0802ced5_probe01,5class,geometry,logreg,model,0,41100,18300,0.3333333333333333,0.0111934974006327,0.5729166666666666,0.6284153005464481,0.5020888496616652,3.082702040523312,0.7180645508251776,0.36129004495661926,0.3478712042517957,CA1|DG|VIS,0.23958333333333331,0.0,1.0,0.71875,,
cross_lab_allen_to_ibl,0802ced5_probe01,5class,geometry,logreg,permuted,0,41100,18300,0.3333333333333333,0.0111934974006327,0.3333333333333333,0.34972677595628415,0.17273954116059378,1.3113772666160604,0.7303457155681883,0.11000974110716777,0.4671118487692798,CA1|DG|VIS,0.0,0.0,0.0,1.0,,
cross_lab_allen_to_ibl,0a018f12_probe00,5class,geometry,logreg,model,0,41100,18000,0.3333333333333333,0.011201664026399284,0.5875706214689266,0.6111111111111112,0.5051282051282051,3.2994363841580405,0.7458510559811793,0.3673943696261784,0.36464101769208723,CA1|DG|VIS,0.25423728813559326,0.0,1.0,0.7627118644067796,,
cross_lab_allen_to_ibl,0a018f12_probe00,5class,geometry,logreg,permuted,0,41100,18000,0.3333333333333333,0.011201664026399284,0.3333333333333333,0.3277777777777778,0.16457461645746166,1.3066712189872705,0.7309898397650655,0.13183527053381222,0.4778653299352139,CA1|DG|VIS,0.0,0.0,0.0,1.0,,
cross_lab_allen_to_ibl,3638d102_probe01,5class,geometry,logreg,model,0,41100,18700,0.3333333333333333,0.011120068074364232,0.6236559139784946,0.6898395721925134,0.5507294429708223,2.1334475063125793,0.5943354199778604,0.28999016701271063,0.2848018010385028,CA1|DG|VIS,0.2903225806451613,0.0,1.0,0.8709677419354839,,
cross_lab_allen_to_ibl,3638d102_probe01,5class,geometry,logreg,permuted,0,41100,18700,0.3333333333333333,0.011120068074364232,0.3333333333333333,0.3315508021390374,0.16599732262382863,1.3351416964857452,0.7427162216000065,0.1256762794563191,0.48240573239605783,CA1|DG|VIS,0.0,0.0,0.0,1.0,,
cross_lab_allen_to_ibl,54238fd6_probe00,5class,geometry,logreg,model,0,41100,17700,0.25,0.01270338188330632,0.3986486486486487,0.4519774011299435,0.29294955370574666,4.755830383171792,1.0677861706805336,0.541386989369049,0.5239104286526621,CA1|CA3|DG|VIS,0.14864864864864868,0.0,1.0,0.5945945945945946,0.0,
cross_lab_allen_to_ibl,54238fd6_probe00,5class,geometry,logreg,permuted,0,41100,17700,0.25,0.01270338188330632,0.25,0.4180790960451977,0.14741035856573706,1.3080915661156471,0.7034408051866028,0.04204116628246696,0.46591446016351656,CA1|CA3|DG|VIS,0.0,0.0,0.0,1.0,0.0,
cross_lab_allen_to_ibl,5dcee0eb_probe00,5class,geometry,logreg,model,0,41100,20100,0.3333333333333333,0.01063317023904976,0.5662100456621005,0.6019900497512438,0.4863147605083089,3.0904695058091285,0.7610520612586421,0.3717907399325745,0.3735325432659505,CA1|DG|VIS,0.23287671232876722,0.0,1.0,0.6986301369863014,,
cross_lab_allen_to_ibl,5dcee0eb_probe00,5class,geometry,logreg,permuted,0,41100,20100,0.3333333333333333,0.01063317023904976,0.3333333333333333,0.36318407960199006,0.17761557177615572,1.2808679997480013,0.7150802092791037,0.09538476358199971,0.4528624520572547,CA1|DG|VIS,0.0,0.0,0.0,1.0,,
cross_lab_allen_to_ibl,d2832a38_probe00,5class,geometry,logreg,model,0,41100,18300,0.25,0.0146393981472036,0.4296875,0.5628415300546448,0.35599812558575444,3.5530313149885284,0.8420317034948679,0.415823942145919,0.4130354253502139,CA1|CA3|DG|VIS,0.1796875,0.0,1.0,0.71875,0.0,
cross_lab_allen_to_ibl,d2832a38_probe00,5class,geometry,logreg,permuted,0,41100,18300,0.25,0.0146393981472036,0.25,0.34972677595628415,0.12955465587044535,1.3399517737320228,0.7342446023942577,0.10988483616689176,0.46699471201095843,CA1|CA3|DG|VIS,0.0,0.0,0.0,1.0,0.0,
cross_lab_allen_to_ibl,0802ced5_probe00,4class,amplitude,constant,model,0,40700,21500,0.25,0.011344356852717015,0.25,0.4372093023255814,0.15210355987055016,1.2998312457022612,0.699465035834386,0.005051139934860893,0.005051139934860893,CA1|CA3|DG|VIS,0.0,0.0,0.0,1.0,0.0,
cross_lab_allen_to_ibl,0802ced5_probe00,4class,amplitude,constant,permuted,0,40700,21500,0.25,0.011344356852717015,0.25,0.4372093023255814,0.15210355987055016,1.2998312457022612,0.699465035834386,0.005051139934860893,0.005051139934860893,CA1|CA3|DG|VIS,0.0,0.0,0.0,1.0,0.0,
cross_lab_allen_to_ibl,0802ced5_probe01,4class,amplitude,constant,model,0,40700,18300,0.3333333333333333,0.0111934974006327,0.3333333333333333,0.34972677595628415,0.17273954116059378,1.302465605363888,0.7291184233223142,0.09253366630415827,0.09253366630415827,CA1|DG|VIS,0.0,0.0,0.0,1.0,,
cross_lab_allen_to_ibl,0802ced5_probe01,4class,amplitude,constant,permuted,0,40700,18300,0.3333333333333333,0.0111934974006327,0.3333333333333333,0.34972677595628415,0.17273954116059378,1.302465605363888,0.7291184233223142,0.09253366630415827,0.09253366630415827,CA1|DG|VIS,0.0,0.0,0.0,1.0,,
cross_lab_allen_to_ibl,0a018f12_probe00,4class,amplitude,constant,model,0,40700,18000,0.3333333333333333,0.011201664026399284,0.3333333333333333,0.3277777777777778,0.16457461645746166,1.2972293138020938,0.7288132000662714,0.11448266448266459,0.11448266448266459,CA1|DG|VIS,0.0,0.0,0.0,1.0,,
cross_lab_allen_to_ibl,0a018f12_probe00,4class,amplitude,constant,permuted,0,40700,18000,0.3333333333333333,0.011201664026399284,0.3333333333333333,0.3277777777777778,0.16457461645746166,1.2972293138020938,0.7288132000662714,0.11448266448266459,0.11448266448266459,CA1|DG|VIS,0.0,0.0,0.0,1.0,,
cross_lab_allen_to_ibl,3638d102_probe01,4class,amplitude,constant,model,0,40700,18700,0.3333333333333333,0.011120068074364232,0.3333333333333333,0.3315508021390374,0.16599732262382863,1.3262543631811325,0.7416681551672157,0.11070964012140494,0.11070964012140494,CA1|DG|VIS,0.0,0.0,0.0,1.0,,
cross_lab_allen_to_ibl,3638d102_probe01,4class,amplitude,constant,permuted,0,40700,18700,0.3333333333333333,0.011120068074364232,0.3333333333333333,0.3315508021390374,0.16599732262382863,1.3262543631811325,0.7416681551672157,0.11070964012140494,0.11070964012140494,CA1|DG|VIS,0.0,0.0,0.0,1.0,,
cross_lab_allen_to_ibl,54238fd6_probe00,4class,amplitude,constant,model,0,40700,17700,0.25,0.01270338188330632,0.25,0.4180790960451977,0.14741035856573706,1.2988483222815337,0.7054823191082716,0.024181346215244648,0.024181346215244648,CA1|CA3|DG|VIS,0.0,0.0,0.0,1.0,0.0,
cross_lab_allen_to_ibl,54238fd6_probe00,4class,amplitude,constant,permuted,0,40700,17700,0.25,0.01270338188330632,0.25,0.4180790960451977,0.14741035856573706,1.2988483222815337,0.7054823191082716,0.024181346215244648,0.024181346215244648,CA1|CA3|DG|VIS,0.0,0.0,0.0,1.0,0.0,
cross_lab_allen_to_ibl,5dcee0eb_probe00,4class,amplitude,constant,model,0,40700,20100,0.3333333333333333,0.01063317023904976,0.3333333333333333,0.36318407960199006,0.17761557177615572,1.2765357298299016,0.7160408619207989,0.0790763626584523,0.0790763626584523,CA1|DG|VIS,0.0,0.0,0.0,1.0,,
cross_lab_allen_to_ibl,5dcee0eb_probe00,4class,amplitude,constant,permuted,0,40700,20100,0.3333333333333333,0.01063317023904976,0.3333333333333333,0.36318407960199006,0.17761557177615572,1.2765357298299016,0.7160408619207989,0.0790763626584523,0.0790763626584523,CA1|DG|VIS,0.0,0.0,0.0,1.0,,
cross_lab_allen_to_ibl,d2832a38_probe00,4class,amplitude,constant,model,0,40700,18300,0.25,0.0146393981472036,0.25,0.34972677595628415,0.12955465587044535,1.3286674259141806,0.7331462962026462,0.09253366630415827,0.09253366630415827,CA1|CA3|DG|VIS,0.0,0.0,0.0,1.0,0.0,
cross_lab_allen_to_ibl,d2832a38_probe00,4class,amplitude,constant,permuted,0,40700,18300,0.25,0.0146393981472036,0.25,0.34972677595628415,0.12955465587044535,1.3286674259141806,0.7331462962026462,0.09253366630415827,0.09253366630415827,CA1|CA3|DG|VIS,0.0,0.0,0.0,1.0,0.0,
cross_lab_allen_to_ibl,0802ced5_probe00,5class,amplitude,constant,model,0,41100,21500,0.25,0.011344356852717015,0.25,0.4372093023255814,0.15210355987055016,1.3096112747559012,0.6992988465916983,0.0007469020539805915,0.0007469020539805915,CA1|CA3|DG|VIS,0.0,0.0,0.0,1.0,0.0,
cross_lab_allen_to_ibl,0802ced5_probe00,5class,amplitude,constant,permuted,0,41100,21500,0.25,0.011344356852717015,0.25,0.4372093023255814,0.15210355987055016,1.3096112747559012,0.6992988465916983,0.0007469020539805915,0.0007469020539805915,CA1|CA3|DG|VIS,0.0,0.0,0.0,1.0,0.0,
cross_lab_allen_to_ibl,0802ced5_probe01,5class,amplitude,constant,model,0,41100,18300,0.3333333333333333,0.0111934974006327,0.3333333333333333,0.34972677595628415,0.17273954116059378,1.3122456344175282,0.7286636366344884,0.08822942842327786,0.08822942842327786,CA1|DG|VIS,0.0,0.0,0.0,1.0,,
cross_lab_allen_to_ibl,0802ced5_probe01,5class,amplitude,constant,permuted,0,41100,18300,0.3333333333333333,0.0111934974006327,0.3333333333333333,0.34972677595628415,0.17273954116059378,1.3122456344175282,0.7286636366344884,0.08822942842327786,0.08822942842327786,CA1|DG|VIS,0.0,0.0,0.0,1.0,,
cross_lab_allen_to_ibl,0a018f12_probe00,5class,amplitude,constant,model,0,41100,18000,0.3333333333333333,0.011201664026399284,0.3333333333333333,0.3277777777777778,0.16457461645746166,1.3070093428557341,0.7283613839210834,0.11017842660178423,0.11017842660178423,CA1|DG|VIS,0.0,0.0,0.0,1.0,,
cross_lab_allen_to_ibl,0a018f12_probe00,5class,amplitude,constant,permuted,0,41100,18000,0.3333333333333333,0.011201664026399284,0.3333333333333333,0.3277777777777778,0.16457461645746166,1.3070093428557341,0.7283613839210834,0.11017842660178423,0.11017842660178423,CA1|DG|VIS,0.0,0.0,0.0,1.0,,
cross_lab_allen_to_ibl,3638d102_probe01,5class,amplitude,constant,model,0,41100,18700,0.3333333333333333,0.011120068074364232,0.3333333333333333,0.3315508021390374,0.16599732262382863,1.3360343922347724,0.7410912299699505,0.10640540224052458,0.10640540224052458,CA1|DG|VIS,0.0,0.0,0.0,1.0,,
cross_lab_allen_to_ibl,3638d102_probe01,5class,amplitude,constant,permuted,0,41100,18700,0.3333333333333333,0.011120068074364232,0.3333333333333333,0.3315508021390374,0.16599732262382863,1.3360343922347724,0.7410912299699505,0.10640540224052458,0.10640540224052458,CA1|DG|VIS,0.0,0.0,0.0,1.0,,
cross_lab_allen_to_ibl,54238fd6_probe00,5class,amplitude,constant,model,0,41100,17700,0.25,0.01270338188330632,0.25,0.4180790960451977,0.14741035856573706,1.3086283513351737,0.7052575674979549,0.01987710833436429,0.01987710833436429,CA1|CA3|DG|VIS,0.0,0.0,0.0,1.0,0.0,
cross_lab_allen_to_ibl,54238fd6_probe00,5class,amplitude,constant,permuted,0,41100,17700,0.25,0.01270338188330632,0.25,0.4180790960451977,0.14741035856573706,1.3086283513351737,0.7052575674979549,0.01987710833436429,0.01987710833436429,CA1|CA3|DG|VIS,0.0,0.0,0.0,1.0,0.0,
cross_lab_allen_to_ibl,5dcee0eb_probe00,5class,amplitude,constant,model,0,41100,20100,0.3333333333333333,0.01063317023904976,0.3333333333333333,0.36318407960199006,0.17761557177615572,1.2863157588835419,0.7157133507697274,0.07477212477757195,0.07477212477757195,CA1|DG|VIS,0.0,0.0,0.0,1.0,,
cross_lab_allen_to_ibl,5dcee0eb_probe00,5class,amplitude,constant,permuted,0,41100,20100,0.3333333333333333,0.01063317023904976,0.3333333333333333,0.36318407960199006,0.17761557177615572,1.2863157588835419,0.7157133507697274,0.07477212477757195,0.07477212477757195,CA1|DG|VIS,0.0,0.0,0.0,1.0,,
cross_lab_allen_to_ibl,d2832a38_probe00,5class,amplitude,constant,model,0,41100,18300,0.25,0.0146393981472036,0.25,0.34972677595628415,0.12955465587044535,1.3384474549678207,0.7326523088055227,0.08822942842327786,0.08822942842327786,CA1|CA3|DG|VIS,0.0,0.0,0.0,1.0,0.0,
cross_lab_allen_to_ibl,d2832a38_probe00,5class,amplitude,constant,permuted,0,41100,18300,0.25,0.0146393981472036,0.25,0.34972677595628415,0.12955465587044535,1.3384474549678207,0.7326523088055227,0.08822942842327786,0.08822942842327786,CA1|CA3|DG|VIS,0.0,0.0,0.0,1.0,0.0,
cross_lab_allen_to_ibl,0802ced5_probe00,4class,amplitude,logreg,model,0,40700,21500,0.25,0.011344356852717015,0.33252017608217166,0.4308837209302326,0.2562577398859881,1.20533490644775,0.6842807279255765,0.09090140529644009,0.0956125497438608,CA1|CA3|DG|VIS,0.08252017608217166,0.8996551724137931,0.0,0.43042553191489363,0.0,
cross_lab_allen_to_ibl,0802ced5_probe00,4class,amplitude,logreg,permuted,0,40700,21500,0.25,0.011344356852717015,0.25,0.4372093023255814,0.15210355987055016,1.2991497797315381,0.698899997807104,0.0044483300433077215,0.11173664835573215,CA1|CA3|DG|VIS,0.0,0.0,0.0,1.0,0.0,
cross_lab_allen_to_ibl,0802ced5_probe01,4class,amplitude,logreg,model,0,40700,18300,0.3333333333333333,0.0111934974006327,0.33451875,0.27459016393442626,0.14833438722283707,1.399856262746261,0.8063746426812808,0.30020374658802756,0.3020432780672324,CA1|DG|VIS,0.001185416666666661,0.9984,0.0,0.00515625,,
cross_lab_allen_to_ibl,0802ced5_probe01,4class,amplitude,logreg,permuted,0,40700,18300,0.3333333333333333,0.0111934974006327,0.3333333333333333,0.34972677595628415,0.17273954116059378,1.3015132902365982,0.7286923002825388,0.09163109487669192,0.11770626570460693,CA1|DG|VIS,0.0,0.0,0.0,1.0,,
cross_lab_allen_to_ibl,0a018f12_probe00,4class,amplitude,logreg,model,0,40700,18000,0.3333333333333333,0.011201664026399284,0.3858757062146893,0.36277777777777775,0.253189918543868,1.303091464018521,0.7398432469606746,0.2346552291348856,0.24412624371336472,CA1|DG|VIS,0.05254237288135599,1.0,0.0,0.1576271186440678,,
cross_lab_allen_to_ibl,0a018f12_probe00,4class,amplitude,logreg,permuted,0,40700,18000,0.3333333333333333,0.011201664026399284,0.3333333333333333,0.3277777777777778,0.16457461645746166,1.2956503675489874,0.727891198580495,0.11334884572498671,0.11334884572498671,CA1|DG|VIS,0.0,0.0,0.0,1.0,,
cross_lab_allen_to_ibl,3638d102_probe01,4class,amplitude,logreg,model,0,40700,18700,0.3333333333333333,0.011120068074364232,0.42287741935483875,0.35967914438502674,0.30077549956681904,1.2685769571318426,0.7445260102203062,0.2178896069160034,0.2219454516317324,CA1|DG|VIS,0.08954408602150543,0.9496,0.0,0.3190322580645161,,
cross_lab_allen_to_ibl,3638d102_probe01,4class,amplitude,logreg,permuted,0,40700,18700,0.3333333333333333,0.011120068074364232,0.3333333333333333,0.3315508021390374,0.16599732262382863,1.3254171089670779,0.7413052041194343,0.10987937809476254,0.14247910190396826,CA1|DG|VIS,0.0,0.0,0.0,1.0,,
cross_lab_allen_to_ibl,54238fd6_probe00,4class,amplitude,logreg,model,0,40700,17700,0.25,0.01270338188330632,0.37136824324324325,0.5479661016949152,0.30322646363044814,0.9191205340798375,0.5389294460812883,0.1548430523259596,0.1549593300948662,CA1|CA3|DG|VIS,0.12136824324324325,0.4975,0.0,0.9879729729729729,0.0,
cross_lab_allen_to_ibl,54238fd6_probe00,4class,amplitude,logreg,permuted,0,40700,17700,0.25,0.01270338188330632,0.25,0.4180790960451977,0.14741035856573706,1.2979501548621493,0.7047762203107442,0.024107949612647873,0.12624650344460076,CA1|CA3|DG|VIS,0.0,0.0,0.0,1.0,0.0,
cross_lab_allen_to_ibl,5dcee0eb_probe00,4class,amplitude,logreg,model,0,40700,20100,0.3333333333333333,0.01063317023904976,0.563151472209101,0.5527363184079602,0.4474704806873886,0.9916115198211541,0.5747375814217591,0.13798694847619342,0.1403296606393688,CA1|DG|VIS,0.22981813887576769,0.8153448275862069,0.0,0.8741095890410959,,
cross_lab_allen_to_ibl,5dcee0eb_probe00,4class,amplitude,logreg,permuted,0,40700,20100,0.3333333333333333,0.01063317023904976,0.3333333333333333,0.36318407960199006,0.17762853736282455,1.2753243140802715,0.7152824255088767,0.07867004301403337,0.08857288618753698,CA1|DG|VIS,0.0,0.0,0.0,1.0,,
cross_lab_allen_to_ibl,d2832a38_probe00,4class,amplitude,logreg,model,0,40700,18300,0.25,0.0146393981472036,0.3996664663461538,0.5082513661202186,0.31581227297028924,1.1046723588851934,0.6329360518572283,0.19200855786342305,0.19807954392757512,CA1|CA3|DG|VIS,0.14966646634615383,0.7753846153846153,0.0,0.82328125,0.0,
cross_lab_allen_to_ibl,d2832a38_probe00,4class,amplitude,logreg,permuted,0,40700,18300,0.25,0.0146393981472036,0.25,0.34972677595628415,0.12955465587044535,1.3280817275452779,0.732672739436565,0.09208310281830655,0.11404871296018126,CA1|CA3|DG|VIS,0.0,0.0,0.0,1.0,0.0,
cross_lab_allen_to_ibl,0802ced5_probe00,5class,amplitude,logreg,model,0,41100,21500,0.25,0.011344356852717015,0.3317553191489362,0.42948837209302326,0.2553599516820057,1.2207155118869963,0.6837366078820015,0.08521855261840544,0.08880328452387595,CA1|CA3|DG|VIS,0.08175531914893619,0.9,0.0,0.4270212765957447,0.0,
cross_lab_allen_to_ibl,0802ced5_probe00,5class,amplitude,logreg,permuted,0,41100,21500,0.25,0.011344356852717015,0.25,0.4372093023255814,0.15210355987055016,1.3089063341271359,0.6989077985025912,0.00035129081328721945,0.11872897050444148,CA1|CA3|DG|VIS,0.0,0.0,0.0,1.0,0.0,
cross_lab_allen_to_ibl,0802ced5_probe01,5class,amplitude,logreg,model,0,41100,18300,0.3333333333333333,0.0111934974006327,0.33441458333333335,0.2744808743169399,0.14812543409904635,1.4170082241255721,0.8031405235569435,0.2908069007493178,0.29402744967254457,CA1|DG|VIS,0.0010812500000000336,0.9984,0.0,0.00484375,,
cross_lab_allen_to_ibl,0802ced5_probe01,5class,amplitude,logreg,permuted,0,41100,18300,0.3333333333333333,0.0111934974006327,0.3333333333333333,0.34972677595628415,0.17273954116059378,1.309403908348842,0.7272875243801155,0.08759495144494706,0.10481610432676218,CA1|DG|VIS,0.0,0.0,0.0,1.0,,
cross_lab_allen_to_ibl,0a018f12_probe00,5class,amplitude,logreg,model,0,41100,18000,0.3333333333333333,0.011201664026399284,0.3856497175141243,0.3625555555555556,0.2528440380918267,1.3194081882242714,0.7373253418427766,0.2190911292547011,0.2394459990008751,CA1|DG|VIS,0.05231638418079099,1.0,0.0,0.15694915254237288,,
cross_lab_allen_to_ibl,0a018f12_probe00,5class,amplitude,logreg,permuted,0,41100,18000,0.3333333333333333,0.011201664026399284,0.3333333333333333,0.3277777777777778,0.16457461645746166,1.304385861896052,0.7271139234593441,0.10942775588730852,0.10942775588730853,CA1|DG|VIS,0.0,0.0,0.0,1.0,,
cross_lab_allen_to_ibl,3638d102_probe01,5class,amplitude,logreg,model,0,41100,18700,0.3333333333333333,0.011120068074364232,0.4225397849462366,0.3593048128342246,0.3002586044381687,1.2847107851990107,0.742020728835745,0.21060196084235897,0.2154502775355378,CA1|DG|VIS,0.0892064516129033,0.9502,0.0,0.3174193548387097,,
cross_lab_allen_to_ibl,3638d102_probe01,5class,amplitude,logreg,permuted,0,41100,18700,0.3333333333333333,0.011120068074364232,0.3333333333333333,0.3315508021390374,0.16599732262382863,1.3327297165256304,0.7395185060004956,0.10580090060752079,0.13086468226860273,CA1|DG|VIS,0.0,0.0,0.0,1.0,,
cross_lab_allen_to_ibl,54238fd6_probe00,5class,amplitude,logreg,model,0,41100,17700,0.25,0.01270338188330632,0.37147240990990993,0.5480790960451978,0.30331897555644816,0.9276684764096055,0.5373416576249535,0.14906426325018218,0.14894073274399572,CA1|CA3|DG|VIS,0.12147240990990993,0.4979166666666667,0.0,0.9879729729729729,0.0,
cross_lab_allen_to_ibl,54238fd6_probe00,5class,amplitude,logreg,permuted,0,41100,17700,0.25,0.01270338188330632,0.25,0.4180790960451977,0.14741035856573706,1.3064944370763405,0.7044026760220915,0.019797770288031757,0.1301102175182504,CA1|CA3|DG|VIS,0.0,0.0,0.0,1.0,0.0,
cross_lab_allen_to_ibl,5dcee0eb_probe00,5class,amplitude,logreg,model,0,41100,20100,0.3333333333333333,0.01063317023904976,0.5626728074319005,0.5521890547263681,0.4471117451790465,1.003244590617775,0.5743249872174608,0.13167451952275408,0.13624726741529763,CA1|DG|VIS,0.2293394740985672,0.8156896551724138,0.0,0.8723287671232877,,
cross_lab_allen_to_ibl,5dcee0eb_probe00,5class,amplitude,logreg,permuted,0,41100,20100,0.3333333333333333,0.01063317023904976,0.3333333333333333,0.36318407960199006,0.17761557177615572,1.284671953891011,0.7149925910506674,0.07447107107394794,0.09214782452191786,CA1|DG|VIS,0.0,0.0,0.0,1.0,,
cross_lab_allen_to_ibl,d2832a38_probe00,5class,amplitude,logreg,model,0,41100,18300,0.25,0.0146393981472036,0.39978064903846156,0.508360655737705,0.31591782950188596,1.116845003166362,0.631851588084056,0.1877137516634585,0.19421834261937174,CA1|CA3|DG|VIS,0.14978064903846156,0.7761538461538462,0.0,0.82296875,0.0,
cross_lab_allen_to_ibl,d2832a38_probe00,5class,amplitude,logreg,permuted,0,41100,18300,0.25,0.0146393981472036,0.25,0.34972677595628415,0.12955465587044535,1.3364723247914312,0.7317508632532804,0.08790944496896985,0.1213511960495404,CA1|CA3|DG|VIS,0.0,0.0,0.0,1.0,0.0,
cross_lab_ibl_to_allen,719161530_probeA,4class,bandpower_full,constant,model,0,96900,5200,0.3333333333333333,0.02154269734821195,0.3333333333333333,0.4423076923076923,0.20444444444444443,1.1293601106120943,0.660810807821706,0.07388663967611347,0.07388663967611347,CA1|DG|VIS,0.0,0.0,0.0,1.0,,
cross_lab_ibl_to_allen,719161530_probeA,4class,bandpower_full,constant,permuted,0,96900,5200,0.3333333333333333,0.02154269734821195,0.3333333333333333,0.4423076923076923,0.20444444444444443,1.1293601106120943,0.660810807821706,0.07388663967611347,0.07388663967611347,CA1|DG|VIS,0.0,0.0,0.0,1.0,,
cross_lab_ibl_to_allen,719161530_probeB,4class,bandpower_full,constant,model,0,96900,5400,0.3333333333333333,0.02076286784374165,0.3333333333333333,0.4074074074074074,0.1929824561403509,1.1357768217419775,0.6651048931271433,0.03898635477582851,0.03898635477582851,CA1|DG|VIS,0.0,0.0,0.0,1.0,,
cross_lab_ibl_to_allen,719161530_probeB,4class,bandpower_full,constant,permuted,0,96900,5400,0.3333333333333333,0.02076286784374165,0.3333333333333333,0.4074074074074074,0.1929824561403509,1.1357768217419775,0.6651048931271433,0.03898635477582851,0.03898635477582851,CA1|DG|VIS,0.0,0.0,0.0,1.0,,
cross_lab_ibl_to_allen,719161530_probeC,4class,bandpower_full,constant,model,0,96900,2900,0.5,0.03254617099987719,0.5,0.7586206896551724,0.43137254901960786,1.0373204357185035,0.6019174752548387,0.3901996370235935,0.3901996370235935,DG|VIS,0.0,,0.0,1.0,,
cross_lab_ibl_to_allen,719161530_probeC,4class,bandpower_full,constant,permuted,0,96900,2900,0.5,0.03254617099987719,0.5,0.7586206896551724,0.43137254901960786,1.0373204357185035,0.6019174752548387,0.3901996370235935,0.3901996370235935,DG|VIS,0.0,,0.0,1.0,,
cross_lab_ibl_to_allen,719161530_probeF,4class,bandpower_full,constant,model,0,96900,4100,0.3333333333333333,0.029950940277884627,0.3333333333333333,0.4878048780487805,0.2185792349726776,1.133103511649248,0.662351050659238,0.1193838254172016,0.1193838254172016,CA1|DG|VIS,0.0,0.0,0.0,1.0,,
cross_lab_ibl_to_allen,719161530_probeF,4class,bandpower_full,constant,permuted,0,96900,4100,0.3333333333333333,0.029950940277884627,0.3333333333333333,0.4878048780487805,0.2185792349726776,1.133103511649248,0.662351050659238,0.1193838254172016,0.1193838254172016,CA1|DG|VIS,0.0,0.0,0.0,1.0,,
cross_lab_ibl_to_allen,798911424_probeA,4class,bandpower_full,constant,model,0,96900,5300,0.3333333333333333,0.022039637339010088,0.3333333333333333,0.4528301886792453,0.20779220779220778,1.131647849504354,0.6620053120537709,0.08440913604766648,0.08440913604766648,CA1|DG|VIS,0.0,0.0,0.0,1.0,,
cross_lab_ibl_to_allen,798911424_probeA,4class,bandpower_full,constant,permuted,0,96900,5300,0.3333333333333333,0.022039637339010088,0.3333333333333333,0.4528301886792453,0.20779220779220778,1.131647849504354,0.6620053120537709,0.08440913604766648,0.08440913604766648,CA1|DG|VIS,0.0,0.0,0.0,1.0,,
cross_lab_ibl_to_allen,798911424_probeB,4class,bandpower_full,constant,model,0,96900,5700,0.3333333333333333,0.019989599196949003,0.3333333333333333,0.38596491228070173,0.18565400843881855,1.1370115632547442,0.6661469432702742,0.01754385964912286,0.01754385964912286,CA1|DG|VIS,0.0,0.0,0.0,1.0,,
cross_lab_ibl_to_allen,798911424_probeB,4class,bandpower_full,constant,permuted,0,96900,5700,0.3333333333333333,0.019989599196949003,0.3333333333333333,0.38596491228070173,0.18565400843881855,1.1370115632547442,0.6661469432702742,0.01754385964912286,0.01754385964912286,CA1|DG|VIS,0.0,0.0,0.0,1.0,,
cross_lab_ibl_to_allen,798911424_probeC,4class,bandpower_full,constant,model,0,96900,3800,0.5,0.024891067019943206,0.5,0.6052631578947368,0.3770491803278688,1.0619662302585287,0.618693428161553,0.23684210526315802,0.23684210526315802,DG|VIS,0.0,,0.0,1.0,,
cross_lab_ibl_to_allen,798911424_probeC,4class,bandpower_full,constant,permuted,0,96900,3800,0.5,0.024891067019943206,0.5,0.6052631578947368,0.3770491803278688,1.0619662302585287,0.618693428161553,0.23684210526315802,0.23684210526315802,DG|VIS,0.0,,0.0,1.0,,
cross_lab_ibl_to_allen,798911424_probeD,4class,bandpower_full,constant,model,0,96900,5500,0.3333333333333333,0.026463569540417495,0.3333333333333333,0.43636363636363634,0.20253164556962025,1.3330697477714335,0.7218303867979415,0.06794258373205747,0.06794258373205747,CA1|CA3|VIS,0.0,0.0,,1.0,0.0,
cross_lab_ibl_to_allen,798911424_probeD,4class,bandpower_full,constant,permuted,0,96900,5500,0.3333333333333333,0.026463569540417495,0.3333333333333333,0.43636363636363634,0.20253164556962025,1.3330697477714335,0.7218303867979415,0.06794258373205747,0.06794258373205747,CA1|CA3|VIS,0.0,0.0,,1.0,0.0,
cross_lab_ibl_to_allen,798911424_probeE,4class,bandpower_full,constant,model,0,96900,6200,0.3333333333333333,0.019112158421861567,0.3333333333333333,0.3709677419354839,0.1803921568627451,1.7618069954502238,0.8352750299739339,0.002546689303905003,0.002546689303905003,CA1|CA3|VIS,0.0,0.0,,1.0,0.0,
cross_lab_ibl_to_allen,798911424_probeE,4class,bandpower_full,constant,permuted,0,96900,6200,0.3333333333333333,0.019112158421861567,0.3333333333333333,0.3709677419354839,0.1803921568627451,1.7618069954502238,0.8352750299739339,0.002546689303905003,0.002546689303905003,CA1|CA3|VIS,0.0,0.0,,1.0,0.0,
cross_lab_ibl_to_allen,798911424_probeF,4class,bandpower_full,constant,model,0,96900,5700,0.25,0.021875,0.25,0.42105263157894735,0.14814814814814814,1.447184135589709,0.7457370433915786,0.052631578947368474,0.052631578947368474,CA1|CA3|DG|VIS,0.0,0.0,0.0,1.0,0.0,
cross_lab_ibl_to_allen,798911424_probeF,4class,bandpower_full,constant,permuted,0,96900,5700,0.25,0.021875,0.25,0.42105263157894735,0.14814814814814814,1.447184135589709,0.7457370433915786,0.052631578947368474,0.052631578947368474,CA1|CA3|DG|VIS,0.0,0.0,0.0,1.0,0.0,
cross_lab_ibl_to_allen,719161530_probeA,5class,bandpower_full,constant,model,0,96900,5200,0.3333333333333333,0.02154269734821195,0.3333333333333333,0.4423076923076923,0.20444444444444443,1.1293601106120943,0.660810807821706,0.07388663967611347,0.07388663967611347,CA1|DG|VIS,0.0,0.0,0.0,1.0,,
cross_lab_ibl_to_allen,719161530_probeA,5class,bandpower_full,constant,permuted,0,96900,5200,0.3333333333333333,0.02154269734821195,0.3333333333333333,0.4423076923076923,0.20444444444444443,1.1293601106120943,0.660810807821706,0.07388663967611347,0.07388663967611347,CA1|DG|VIS,0.0,0.0,0.0,1.0,,
cross_lab_ibl_to_allen,719161530_probeB,5class,bandpower_full,constant,model,0,96900,5400,0.3333333333333333,0.02076286784374165,0.3333333333333333,0.4074074074074074,0.1929824561403509,1.1357768217419775,0.6651048931271433,0.03898635477582851,0.03898635477582851,CA1|DG|VIS,0.0,0.0,0.0,1.0,,
cross_lab_ibl_to_allen,719161530_probeB,5class,bandpower_full,constant,permuted,0,96900,5400,0.3333333333333333,0.02076286784374165,0.3333333333333333,0.4074074074074074,0.1929824561403509,1.1357768217419775,0.6651048931271433,0.03898635477582851,0.03898635477582851,CA1|DG|VIS,0.0,0.0,0.0,1.0,,
cross_lab_ibl_to_allen,719161530_probeC,5class,bandpower_full,constant,model,0,96900,2900,0.5,0.03254617099987719,0.5,0.7586206896551724,0.43137254901960786,1.0373204357185035,0.6019174752548387,0.3901996370235935,0.3901996370235935,DG|VIS,0.0,,0.0,1.0,,
cross_lab_ibl_to_allen,719161530_probeC,5class,bandpower_full,constant,permuted,0,96900,2900,0.5,0.03254617099987719,0.5,0.7586206896551724,0.43137254901960786,1.0373204357185035,0.6019174752548387,0.3901996370235935,0.3901996370235935,DG|VIS,0.0,,0.0,1.0,,
cross_lab_ibl_to_allen,719161530_probeF,5class,bandpower_full,constant,model,0,96900,4100,0.3333333333333333,0.029950940277884627,0.3333333333333333,0.4878048780487805,0.2185792349726776,1.133103511649248,0.662351050659238,0.1193838254172016,0.1193838254172016,CA1|DG|VIS,0.0,0.0,0.0,1.0,,
cross_lab_ibl_to_allen,719161530_probeF,5class,bandpower_full,constant,permuted,0,96900,4100,0.3333333333333333,0.029950940277884627,0.3333333333333333,0.4878048780487805,0.2185792349726776,1.133103511649248,0.662351050659238,0.1193838254172016,0.1193838254172016,CA1|DG|VIS,0.0,0.0,0.0,1.0,,
cross_lab_ibl_to_allen,798911424_probeA,5class,bandpower_full,constant,model,0,96900,5300,0.3333333333333333,0.022039637339010088,0.3333333333333333,0.4528301886792453,0.20779220779220778,1.131647849504354,0.6620053120537709,0.08440913604766648,0.08440913604766648,CA1|DG|VIS,0.0,0.0,0.0,1.0,,
cross_lab_ibl_to_allen,798911424_probeA,5class,bandpower_full,constant,permuted,0,96900,5300,0.3333333333333333,0.022039637339010088,0.3333333333333333,0.4528301886792453,0.20779220779220778,1.131647849504354,0.6620053120537709,0.08440913604766648,0.08440913604766648,CA1|DG|VIS,0.0,0.0,0.0,1.0,,
cross_lab_ibl_to_allen,798911424_probeB,5class,bandpower_full,constant,model,0,96900,5700,0.3333333333333333,0.019989599196949003,0.3333333333333333,0.38596491228070173,0.18565400843881855,1.1370115632547442,0.6661469432702742,0.01754385964912286,0.01754385964912286,CA1|DG|VIS,0.0,0.0,0.0,1.0,,
cross_lab_ibl_to_allen,798911424_probeB,5class,bandpower_full,constant,permuted,0,96900,5700,0.3333333333333333,0.019989599196949003,0.3333333333333333,0.38596491228070173,0.18565400843881855,1.1370115632547442,0.6661469432702742,0.01754385964912286,0.01754385964912286,CA1|DG|VIS,0.0,0.0,0.0,1.0,,
cross_lab_ibl_to_allen,798911424_probeC,5class,bandpower_full,constant,model,0,96900,3800,0.5,0.024891067019943206,0.5,0.6052631578947368,0.3770491803278688,1.0619662302585287,0.618693428161553,0.23684210526315802,0.23684210526315802,DG|VIS,0.0,,0.0,1.0,,
cross_lab_ibl_to_allen,798911424_probeC,5class,bandpower_full,constant,permuted,0,96900,3800,0.5,0.024891067019943206,0.5,0.6052631578947368,0.3770491803278688,1.0619662302585287,0.618693428161553,0.23684210526315802,0.23684210526315802,DG|VIS,0.0,,0.0,1.0,,
cross_lab_ibl_to_allen,798911424_probeD,5class,bandpower_full,constant,model,0,96900,5700,0.25,0.03312182495668888,0.25,0.42105263157894735,0.14814814814814814,2.255804883496244,0.7425505425677957,0.052631578947368474,0.052631578947368474,CA1|CA2|CA3|VIS,0.0,0.0,,1.0,0.0,0.0
cross_lab_ibl_to_allen,798911424_probeD,5class,bandpower_full,constant,permuted,0,96900,5700,0.25,0.03312182495668888,0.25,0.42105263157894735,0.14814814814814814,2.255804883496244,0.7425505425677957,0.052631578947368474,0.052631578947368474,CA1|CA2|CA3|VIS,0.0,0.0,,1.0,0.0,0.0
cross_lab_ibl_to_allen,798911424_probeE,5class,bandpower_full,constant,model,0,96900,6400,0.25,0.030142859224741154,0.25,0.359375,0.13218390804597702,2.570219936715171,0.8501837736072108,0.009046052631578816,0.009046052631578816,CA1|CA2|CA3|VIS,0.0,0.0,,1.0,0.0,0.0
cross_lab_ibl_to_allen,798911424_probeE,5class,bandpower_full,constant,permuted,0,96900,6400,0.25,0.030142859224741154,0.25,0.359375,0.13218390804597702,2.570219936715171,0.8501837736072108,0.009046052631578816,0.009046052631578816,CA1|CA2|CA3|VIS,0.0,0.0,,1.0,0.0,0.0
cross_lab_ibl_to_allen,798911424_probeF,5class,bandpower_full,constant,model,0,96900,5700,0.25,0.021875,0.25,0.42105263157894735,0.14814814814814814,1.447184135589709,0.7457370433915786,0.052631578947368474,0.052631578947368474,CA1|CA3|DG|VIS,0.0,0.0,0.0,1.0,0.0,
cross_lab_ibl_to_allen,798911424_probeF,5class,bandpower_full,constant,permuted,0,96900,5700,0.25,0.021875,0.25,0.42105263157894735,0.14814814814814814,1.447184135589709,0.7457370433915786,0.052631578947368474,0.052631578947368474,CA1|CA3|DG|VIS,0.0,0.0,0.0,1.0,0.0,
cross_lab_ibl_to_allen,719161530_probeA,4class,bandpower_full,logreg,model,0,96900,5200,0.3333333333333333,0.02154269734821195,0.5367348678601875,0.5859615384615384,0.5284231384494292,0.9288865840170302,0.5396118326857099,0.04541028194111958,0.045815886382360366,CA1|DG|VIS,0.20340153452685422,0.7641176470588236,0.18,0.6660869565217391,,
cross_lab_ibl_to_allen,719161530_probeA,4class,bandpower_full,logreg,permuted,0,96900,5200,0.3333333333333333,0.02154269734821195,0.33304347826086955,0.4419230769230769,0.20432115230728196,1.1372794364356895,0.6644407931243839,0.07399390744486306,0.13734455651428398,CA1|DG|VIS,-0.00028985507246376274,0.0,0.0,0.9991304347826087,,
cross_lab_ibl_to_allen,719161530_probeB,4class,bandpower_full,logreg,model,0,96900,5400,0.3333333333333333,0.02076286784374165,0.5666281866281867,0.6074074074074074,0.5651128334127186,0.8598171940714654,0.5017666718240165,0.027060535643138442,0.04159078633130611,CA1|DG|VIS,0.2332948532948534,0.6022222222222222,0.2735714285714286,0.8240909090909091,,
cross_lab_ibl_to_allen,719161530_probeB,4class,bandpower_full,logreg,permuted,0,96900,5400,0.3333333333333333,0.02076286784374165,0.3331818181818182,0.4072222222222222,0.19292012106856163,1.1423482724307945,0.6681696707775755,0.03921361860568323,0.13082402619447725,CA1|DG|VIS,-0.00015151515151512474,0.0,0.0,0.9995454545454545,,
cross_lab_ibl_to_allen,719161530_probeC,4class,bandpower_full,logreg,model,0,96900,2900,0.5,0.03254617099987719,0.4157142857142857,0.5937931034482758,0.46744770804092345,0.8398815277586533,0.507199407379067,0.05284872056424178,0.05151561930820519,DG|VIS,-0.0842857142857143,,0.07142857142857142,0.76,,
cross_lab_ibl_to_allen,719161530_probeC,4class,bandpower_full,logreg,permuted,0,96900,2900,0.5,0.03254617099987719,0.5,0.7586206896551724,0.43137254901960786,1.0355205161902445,0.6015655450684055,0.3914596217068359,0.39145962170683585,DG|VIS,0.0,,0.0,1.0,,
cross_lab_ibl_to_allen,719161530_probeF,4class,bandpower_full,logreg,model,0,96900,4100,0.3333333333333333,0.029950940277884627,0.5793921568627451,0.6751219512195122,0.6227599979344954,0.8922325625932754,0.47844687201822145,0.0887053011905024,0.08705138482962024,CA1|DG|VIS,0.24605882352941183,0.7211764705882353,0.3075,0.7095,,
cross_lab_ibl_to_allen,719161530_probeF,4class,bandpower_full,logreg,permuted,0,96900,4100,0.3333333333333333,0.029950940277884627,0.30733333333333335,0.4497560975609756,0.20681920143562135,1.1496563263104047,0.6714956612892248,0.08276288337151327,0.2016564889645951,CA1|DG|VIS,-0.025999999999999968,0.0,0.0,0.922,,
cross_lab_ibl_to_allen,798911424_probeA,4class,bandpower_full,logreg,model,0,96900,5300,0.3333333333333333,0.022039637339010088,0.4808567251461988,0.5318867924528302,0.5058412174225507,1.0791784904856698,0.6013637214259675,0.05588667273583746,0.057284246558052684,CA1|DG|VIS,0.1475233918128655,0.5247368421052632,0.272,0.6458333333333334,,
cross_lab_ibl_to_allen,798911424_probeA,4class,bandpower_full,logreg,permuted,0,96900,5300,0.3333333333333333,0.022039637339010088,0.31263888888888886,0.42471698113207546,0.19873747406524522,1.1392045700644529,0.6662875895937921,0.05677458516886058,0.09325674397559348,CA1|DG|VIS,-0.02069444444444446,0.0,0.0,0.9379166666666666,,
cross_lab_ibl_to_allen,798911424_probeB,4class,bandpower_full,logreg,model,0,96900,5700,0.3333333333333333,0.019989599196949003,0.5650534759358289,0.5714035087719298,0.5846622923809125,1.0205995598976196,0.5762566846151422,0.07646410568948853,0.07623785411619209,CA1|DG|VIS,0.23172014260249557,0.675,0.4047058823529412,0.6154545454545455,,
cross_lab_ibl_to_allen,798911424_probeB,4class,bandpower_full,logreg,permuted,0,96900,5700,0.3333333333333333,0.019989599196949003,0.3333333333333333,0.38596491228070173,0.18565400843881855,1.1399455013260045,0.6670317528731435,0.01808348861545883,0.08738579971584545,CA1|DG|VIS,0.0,0.0,0.0,1.0,,
cross_lab_ibl_to_allen,798911424_probeC,4class,bandpower_full,logreg,model,0,96900,3800,0.5,0.024891067019943206,0.4811884057971014,0.5321052631578947,0.5340072844603311,1.0551128183704026,0.6031850701524574,0.08169815302245365,0.08498410544964075,DG|VIS,-0.018811594202898574,,0.23933333333333334,0.7230434782608696,,
cross_lab_ibl_to_allen,798911424_probeC,4class,bandpower_full,logreg,permuted,0,96900,3800,0.5,0.024891067019943206,0.5,0.6052631578947368,0.3770491803278688,1.058945442373969,0.6169980024447276,0.23813497714350906,0.2381349771435091,DG|VIS,0.0,,0.0,1.0,,
cross_lab_ibl_to_allen,798911424_probeD,4class,bandpower_full,logreg,model,0,96900,5500,0.3333333333333333,0.026463569540417495,0.24347649572649574,0.3201818181818182,0.21214720186319622,2.2631667299289036,0.9701163069266654,0.3631901021768804,0.36319010217688047,CA1|CA3|VIS,-0.08985683760683758,0.05884615384615385,,0.6695833333333333,0.002,
cross_lab_ibl_to_allen,798911424_probeD,4class,bandpower_full,logreg,permuted,0,96900,5500,0.3333333333333333,0.026463569540417495,0.33319444444444446,0.43618181818181817,0.20247288686331602,1.3373616758970763,0.7265142034057023,0.06829974602361671,0.07913344570217948,CA1|CA3|VIS,-0.0001388888888888551,0.0,,0.9995833333333334,0.0,
cross_lab_ibl_to_allen,798911424_probeE,4class,bandpower_full,logreg,model,0,96900,6200,0.3333333333333333,0.019112158421861567,0.3827315026697178,0.4043548387096774,0.3686305505545205,1.9028945957708754,0.8197072201700459,0.23529504267528284,0.23529504267528287,CA1|CA3|VIS,0.04939816933638447,0.303,,0.7378260869565217,0.10736842105263159,
cross_lab_ibl_to_allen,798911424_probeE,4class,bandpower_full,logreg,permuted,0,96900,6200,0.3333333333333333,0.019112158421861567,0.3333333333333333,0.3709677419354839,0.1803921568627451,1.7603043194396055,0.8374961633352327,0.002564610006093926,0.05481929948959488,CA1|CA3|VIS,0.0,0.0,,1.0,0.0,
cross_lab_ibl_to_allen,798911424_probeF,4class,bandpower_full,logreg,model,0,96900,5700,0.25,0.021875,0.34958333333333336,0.47210526315789475,0.3405768729826314,1.4051235432174547,0.6833164068128031,0.1524310010102175,0.1524310010102175,CA1|CA3|DG|VIS,0.09958333333333336,0.51625,0.145,0.72375,0.013333333333333334,
cross_lab_ibl_to_allen,798911424_probeF,4class,bandpower_full,logreg,permuted,0,96900,5700,0.25,0.021875,0.25,0.42105263157894735,0.14814814814814814,1.4431477303109297,0.7468908393113123,0.052552592232194106,0.0722871398955978,CA1|CA3|DG|VIS,0.0,0.0,0.0,1.0,0.0,
cross_lab_ibl_to_allen,719161530_probeA,5class,bandpower_full,logreg,model,0,96900,5200,0.3333333333333333,0.02154269734821195,0.5367348678601875,0.5859615384615384,0.5284231384494292,0.9288865840170302,0.5396118326857099,0.04541028194111958,0.045815886382360366,CA1|DG|VIS,0.20340153452685422,0.7641176470588236,0.18,0.6660869565217391,,
cross_lab_ibl_to_allen,719161530_probeA,5class,bandpower_full,logreg,permuted,0,96900,5200,0.3333333333333333,0.02154269734821195,0.33304347826086955,0.4419230769230769,0.20432115230728196,1.1372794364356895,0.6644407931243839,0.07399390744486306,0.13734455651428398,CA1|DG|VIS,-0.00028985507246376274,0.0,0.0,0.9991304347826087,,
cross_lab_ibl_to_allen,719161530_probeB,5class,bandpower_full,logreg,model,0,96900,5400,0.3333333333333333,0.02076286784374165,0.5666281866281867,0.6074074074074074,0.5651128334127186,0.8598171940714654,0.5017666718240165,0.027060535643138442,0.04159078633130611,CA1|DG|VIS,0.2332948532948534,0.6022222222222222,0.2735714285714286,0.8240909090909091,,
cross_lab_ibl_to_allen,719161530_probeB,5class,bandpower_full,logreg,permuted,0,96900,5400,0.3333333333333333,0.02076286784374165,0.3331818181818182,0.4072222222222222,0.19292012106856163,1.1423482724307945,0.6681696707775755,0.03921361860568323,0.13082402619447725,CA1|DG|VIS,-0.00015151515151512474,0.0,0.0,0.9995454545454545,,
cross_lab_ibl_to_allen,719161530_probeC,5class,bandpower_full,logreg,model,0,96900,2900,0.5,0.03254617099987719,0.4157142857142857,0.5937931034482758,0.46744770804092345,0.8398815277586533,0.507199407379067,0.05284872056424178,0.05151561930820519,DG|VIS,-0.0842857142857143,,0.07142857142857142,0.76,,
cross_lab_ibl_to_allen,719161530_probeC,5class,bandpower_full,logreg,permuted,0,96900,2900,0.5,0.03254617099987719,0.5,0.7586206896551724,0.43137254901960786,1.0355205161902445,0.6015655450684055,0.3914596217068359,0.39145962170683585,DG|VIS,0.0,,0.0,1.0,,
cross_lab_ibl_to_allen,719161530_probeF,5class,bandpower_full,logreg,model,0,96900,4100,0.3333333333333333,0.029950940277884627,0.5793921568627451,0.6751219512195122,0.6227599979344954,0.8922325625932754,0.47844687201822145,0.0887053011905024,0.08705138482962024,CA1|DG|VIS,0.24605882352941183,0.7211764705882353,0.3075,0.7095,,
cross_lab_ibl_to_allen,719161530_probeF,5class,bandpower_full,logreg,permuted,0,96900,4100,0.3333333333333333,0.029950940277884627,0.30733333333333335,0.4497560975609756,0.20681920143562135,1.1496563263104047,0.6714956612892248,0.08276288337151327,0.2016564889645951,CA1|DG|VIS,-0.025999999999999968,0.0,0.0,0.922,,
cross_lab_ibl_to_allen,798911424_probeA,5class,bandpower_full,logreg,model,0,96900,5300,0.3333333333333333,0.022039637339010088,0.4808567251461988,0.5318867924528302,0.5058412174225507,1.0791784904856698,0.6013637214259675,0.05588667273583746,0.057284246558052684,CA1|DG|VIS,0.1475233918128655,0.5247368421052632,0.272,0.6458333333333334,,
cross_lab_ibl_to_allen,798911424_probeA,5class,bandpower_full,logreg,permuted,0,96900,5300,0.3333333333333333,0.022039637339010088,0.31263888888888886,0.42471698113207546,0.19873747406524522,1.1392045700644529,0.6662875895937921,0.05677458516886058,0.09325674397559348,CA1|DG|VIS,-0.02069444444444446,0.0,0.0,0.9379166666666666,,
cross_lab_ibl_to_allen,798911424_probeB,5class,bandpower_full,logreg,model,0,96900,5700,0.3333333333333333,0.019989599196949003,0.5650534759358289,0.5714035087719298,0.5846622923809125,1.0205995598976196,0.5762566846151422,0.07646410568948853,0.07623785411619209,CA1|DG|VIS,0.23172014260249557,0.675,0.4047058823529412,0.6154545454545455,,
cross_lab_ibl_to_allen,798911424_probeB,5class,bandpower_full,logreg,permuted,0,96900,5700,0.3333333333333333,0.019989599196949003,0.3333333333333333,0.38596491228070173,0.18565400843881855,1.1399455013260045,0.6670317528731435,0.01808348861545883,0.08738579971584545,CA1|DG|VIS,0.0,0.0,0.0,1.0,,
cross_lab_ibl_to_allen,798911424_probeC,5class,bandpower_full,logreg,model,0,96900,3800,0.5,0.024891067019943206,0.4811884057971014,0.5321052631578947,0.5340072844603311,1.0551128183704026,0.6031850701524574,0.08169815302245365,0.08498410544964075,DG|VIS,-0.018811594202898574,,0.23933333333333334,0.7230434782608696,,
cross_lab_ibl_to_allen,798911424_probeC,5class,bandpower_full,logreg,permuted,0,96900,3800,0.5,0.024891067019943206,0.5,0.6052631578947368,0.3770491803278688,1.058945442373969,0.6169980024447276,0.23813497714350906,0.2381349771435091,DG|VIS,0.0,,0.0,1.0,,
cross_lab_ibl_to_allen,798911424_probeD,5class,bandpower_full,logreg,model,0,96900,5700,0.25,0.03312182495668888,0.1826073717948718,0.30894736842105264,0.1572205391160582,3.1532668838236275,0.9841148912567544,0.3669880783256774,0.3669880783256775,CA1|CA2|CA3|VIS,-0.0673926282051282,0.05884615384615385,,0.6695833333333333,0.002,0.0
cross_lab_ibl_to_allen,798911424_probeD,5class,bandpower_full,logreg,permuted,0,96900,5700,0.25,0.03312182495668888,0.24989583333333334,0.4208771929824561,0.14810470428447955,2.259946217652567,0.7470469035133946,0.05298133213640477,0.0743399386845654,CA1|CA2|CA3|VIS,-0.0001041666666666552,0.0,,0.9995833333333334,0.0,0.0
cross_lab_ibl_to_allen,798911424_probeE,5class,bandpower_full,logreg,model,0,96900,6400,0.25,0.030142859224741154,0.28704862700228834,0.39171875,0.2713427260044154,2.706898549525803,0.838549981748605,0.24469484524720458,0.24469484524720458,CA1|CA2|CA3|VIS,0.03704862700228834,0.303,,0.7378260869565217,0.10736842105263159,0.0
cross_lab_ibl_to_allen,798911424_probeE,5class,bandpower_full,logreg,permuted,0,96900,6400,0.25,0.030142859224741154,0.25,0.359375,0.13218390804597702,2.5687642193298847,0.8523337632150162,0.009089597337233524,0.06368039020661377,CA1|CA2|CA3|VIS,0.0,0.0,,1.0,0.0,0.0
cross_lab_ibl_to_allen,798911424_probeF,5class,bandpower_full,logreg,model,0,96900,5700,0.25,0.021875,0.34958333333333336,0.47210526315789475,0.3405768729826314,1.4051235432174547,0.6833164068128031,0.1524310010102175,0.1524310010102175,CA1|CA3|DG|VIS,0.09958333333333336,0.51625,0.145,0.72375,0.013333333333333334,
cross_lab_ibl_to_allen,798911424_probeF,5class,bandpower_full,logreg,permuted,0,96900,5700,0.25,0.021875,0.25,0.42105263157894735,0.14814814814814814,1.4431477303109297,0.7468908393113123,0.052552592232194106,0.0722871398955978,CA1|CA3|DG|VIS,0.0,0.0,0.0,1.0,0.0,
cross_lab_ibl_to_allen,719161530_probeA,4class,bandpower_clean,constant,model,0,96900,5200,0.3333333333333333,0.02154269734821195,0.3333333333333333,0.4423076923076923,0.20444444444444443,1.1293601106120943,0.660810807821706,0.07388663967611347,0.07388663967611347,CA1|DG|VIS,0.0,0.0,0.0,1.0,,
cross_lab_ibl_to_allen,719161530_probeA,4class,bandpower_clean,constant,permuted,0,96900,5200,0.3333333333333333,0.02154269734821195,0.3333333333333333,0.4423076923076923,0.20444444444444443,1.1293601106120943,0.660810807821706,0.07388663967611347,0.07388663967611347,CA1|DG|VIS,0.0,0.0,0.0,1.0,,
cross_lab_ibl_to_allen,719161530_probeB,4class,bandpower_clean,constant,model,0,96900,5400,0.3333333333333333,0.02076286784374165,0.3333333333333333,0.4074074074074074,0.1929824561403509,1.1357768217419775,0.6651048931271433,0.03898635477582851,0.03898635477582851,CA1|DG|VIS,0.0,0.0,0.0,1.0,,
cross_lab_ibl_to_allen,719161530_probeB,4class,bandpower_clean,constant,permuted,0,96900,5400,0.3333333333333333,0.02076286784374165,0.3333333333333333,0.4074074074074074,0.1929824561403509,1.1357768217419775,0.6651048931271433,0.03898635477582851,0.03898635477582851,CA1|DG|VIS,0.0,0.0,0.0,1.0,,
cross_lab_ibl_to_allen,719161530_probeC,4class,bandpower_clean,constant,model,0,96900,2900,0.5,0.03254617099987719,0.5,0.7586206896551724,0.43137254901960786,1.0373204357185035,0.6019174752548387,0.3901996370235935,0.3901996370235935,DG|VIS,0.0,,0.0,1.0,,
cross_lab_ibl_to_allen,719161530_probeC,4class,bandpower_clean,constant,permuted,0,96900,2900,0.5,0.03254617099987719,0.5,0.7586206896551724,0.43137254901960786,1.0373204357185035,0.6019174752548387,0.3901996370235935,0.3901996370235935,DG|VIS,0.0,,0.0,1.0,,
cross_lab_ibl_to_allen,719161530_probeF,4class,bandpower_clean,constant,model,0,96900,4100,0.3333333333333333,0.029950940277884627,0.3333333333333333,0.4878048780487805,0.2185792349726776,1.133103511649248,0.662351050659238,0.1193838254172016,0.1193838254172016,CA1|DG|VIS,0.0,0.0,0.0,1.0,,
cross_lab_ibl_to_allen,719161530_probeF,4class,bandpower_clean,constant,permuted,0,96900,4100,0.3333333333333333,0.029950940277884627,0.3333333333333333,0.4878048780487805,0.2185792349726776,1.133103511649248,0.662351050659238,0.1193838254172016,0.1193838254172016,CA1|DG|VIS,0.0,0.0,0.0,1.0,,
cross_lab_ibl_to_allen,798911424_probeA,4class,bandpower_clean,constant,model,0,96900,5300,0.3333333333333333,0.022039637339010088,0.3333333333333333,0.4528301886792453,0.20779220779220778,1.131647849504354,0.6620053120537709,0.08440913604766648,0.08440913604766648,CA1|DG|VIS,0.0,0.0,0.0,1.0,,
cross_lab_ibl_to_allen,798911424_probeA,4class,bandpower_clean,constant,permuted,0,96900,5300,0.3333333333333333,0.022039637339010088,0.3333333333333333,0.4528301886792453,0.20779220779220778,1.131647849504354,0.6620053120537709,0.08440913604766648,0.08440913604766648,CA1|DG|VIS,0.0,0.0,0.0,1.0,,
cross_lab_ibl_to_allen,798911424_probeB,4class,bandpower_clean,constant,model,0,96900,5700,0.3333333333333333,0.019989599196949003,0.3333333333333333,0.38596491228070173,0.18565400843881855,1.1370115632547442,0.6661469432702742,0.01754385964912286,0.01754385964912286,CA1|DG|VIS,0.0,0.0,0.0,1.0,,
cross_lab_ibl_to_allen,798911424_probeB,4class,bandpower_clean,constant,permuted,0,96900,5700,0.3333333333333333,0.019989599196949003,0.3333333333333333,0.38596491228070173,0.18565400843881855,1.1370115632547442,0.6661469432702742,0.01754385964912286,0.01754385964912286,CA1|DG|VIS,0.0,0.0,0.0,1.0,,
cross_lab_ibl_to_allen,798911424_probeC,4class,bandpower_clean,constant,model,0,96900,3800,0.5,0.024891067019943206,0.5,0.6052631578947368,0.3770491803278688,1.0619662302585287,0.618693428161553,0.23684210526315802,0.23684210526315802,DG|VIS,0.0,,0.0,1.0,,
cross_lab_ibl_to_allen,798911424_probeC,4class,bandpower_clean,constant,permuted,0,96900,3800,0.5,0.024891067019943206,0.5,0.6052631578947368,0.3770491803278688,1.0619662302585287,0.618693428161553,0.23684210526315802,0.23684210526315802,DG|VIS,0.0,,0.0,1.0,,
cross_lab_ibl_to_allen,798911424_probeD,4class,bandpower_clean,constant,model,0,96900,5500,0.3333333333333333,0.026463569540417495,0.3333333333333333,0.43636363636363634,0.20253164556962025,1.3330697477714335,0.7218303867979415,0.06794258373205747,0.06794258373205747,CA1|CA3|VIS,0.0,0.0,,1.0,0.0,
cross_lab_ibl_to_allen,798911424_probeD,4class,bandpower_clean,constant,permuted,0,96900,5500,0.3333333333333333,0.026463569540417495,0.3333333333333333,0.43636363636363634,0.20253164556962025,1.3330697477714335,0.7218303867979415,0.06794258373205747,0.06794258373205747,CA1|CA3|VIS,0.0,0.0,,1.0,0.0,
cross_lab_ibl_to_allen,798911424_probeE,4class,bandpower_clean,constant,model,0,96900,6200,0.3333333333333333,0.019112158421861567,0.3333333333333333,0.3709677419354839,0.1803921568627451,1.7618069954502238,0.8352750299739339,0.002546689303905003,0.002546689303905003,CA1|CA3|VIS,0.0,0.0,,1.0,0.0,
cross_lab_ibl_to_allen,798911424_probeE,4class,bandpower_clean,constant,permuted,0,96900,6200,0.3333333333333333,0.019112158421861567,0.3333333333333333,0.3709677419354839,0.1803921568627451,1.7618069954502238,0.8352750299739339,0.002546689303905003,0.002546689303905003,CA1|CA3|VIS,0.0,0.0,,1.0,0.0,
cross_lab_ibl_to_allen,798911424_probeF,4class,bandpower_clean,constant,model,0,96900,5700,0.25,0.021875,0.25,0.42105263157894735,0.14814814814814814,1.447184135589709,0.7457370433915786,0.052631578947368474,0.052631578947368474,CA1|CA3|DG|VIS,0.0,0.0,0.0,1.0,0.0,
cross_lab_ibl_to_allen,798911424_probeF,4class,bandpower_clean,constant,permuted,0,96900,5700,0.25,0.021875,0.25,0.42105263157894735,0.14814814814814814,1.447184135589709,0.7457370433915786,0.052631578947368474,0.052631578947368474,CA1|CA3|DG|VIS,0.0,0.0,0.0,1.0,0.0,
cross_lab_ibl_to_allen,719161530_probeA,5class,bandpower_clean,constant,model,0,96900,5200,0.3333333333333333,0.02154269734821195,0.3333333333333333,0.4423076923076923,0.20444444444444443,1.1293601106120943,0.660810807821706,0.07388663967611347,0.07388663967611347,CA1|DG|VIS,0.0,0.0,0.0,1.0,,
cross_lab_ibl_to_allen,719161530_probeA,5class,bandpower_clean,constant,permuted,0,96900,5200,0.3333333333333333,0.02154269734821195,0.3333333333333333,0.4423076923076923,0.20444444444444443,1.1293601106120943,0.660810807821706,0.07388663967611347,0.07388663967611347,CA1|DG|VIS,0.0,0.0,0.0,1.0,,
cross_lab_ibl_to_allen,719161530_probeB,5class,bandpower_clean,constant,model,0,96900,5400,0.3333333333333333,0.02076286784374165,0.3333333333333333,0.4074074074074074,0.1929824561403509,1.1357768217419775,0.6651048931271433,0.03898635477582851,0.03898635477582851,CA1|DG|VIS,0.0,0.0,0.0,1.0,,
cross_lab_ibl_to_allen,719161530_probeB,5class,bandpower_clean,constant,permuted,0,96900,5400,0.3333333333333333,0.02076286784374165,0.3333333333333333,0.4074074074074074,0.1929824561403509,1.1357768217419775,0.6651048931271433,0.03898635477582851,0.03898635477582851,CA1|DG|VIS,0.0,0.0,0.0,1.0,,
cross_lab_ibl_to_allen,719161530_probeC,5class,bandpower_clean,constant,model,0,96900,2900,0.5,0.03254617099987719,0.5,0.7586206896551724,0.43137254901960786,1.0373204357185035,0.6019174752548387,0.3901996370235935,0.3901996370235935,DG|VIS,0.0,,0.0,1.0,,
cross_lab_ibl_to_allen,719161530_probeC,5class,bandpower_clean,constant,permuted,0,96900,2900,0.5,0.03254617099987719,0.5,0.7586206896551724,0.43137254901960786,1.0373204357185035,0.6019174752548387,0.3901996370235935,0.3901996370235935,DG|VIS,0.0,,0.0,1.0,,
cross_lab_ibl_to_allen,719161530_probeF,5class,bandpower_clean,constant,model,0,96900,4100,0.3333333333333333,0.029950940277884627,0.3333333333333333,0.4878048780487805,0.2185792349726776,1.133103511649248,0.662351050659238,0.1193838254172016,0.1193838254172016,CA1|DG|VIS,0.0,0.0,0.0,1.0,,
cross_lab_ibl_to_allen,719161530_probeF,5class,bandpower_clean,constant,permuted,0,96900,4100,0.3333333333333333,0.029950940277884627,0.3333333333333333,0.4878048780487805,0.2185792349726776,1.133103511649248,0.662351050659238,0.1193838254172016,0.1193838254172016,CA1|DG|VIS,0.0,0.0,0.0,1.0,,
cross_lab_ibl_to_allen,798911424_probeA,5class,bandpower_clean,constant,model,0,96900,5300,0.3333333333333333,0.022039637339010088,0.3333333333333333,0.4528301886792453,0.20779220779220778,1.131647849504354,0.6620053120537709,0.08440913604766648,0.08440913604766648,CA1|DG|VIS,0.0,0.0,0.0,1.0,,
cross_lab_ibl_to_allen,798911424_probeA,5class,bandpower_clean,constant,permuted,0,96900,5300,0.3333333333333333,0.022039637339010088,0.3333333333333333,0.4528301886792453,0.20779220779220778,1.131647849504354,0.6620053120537709,0.08440913604766648,0.08440913604766648,CA1|DG|VIS,0.0,0.0,0.0,1.0,,
cross_lab_ibl_to_allen,798911424_probeB,5class,bandpower_clean,constant,model,0,96900,5700,0.3333333333333333,0.019989599196949003,0.3333333333333333,0.38596491228070173,0.18565400843881855,1.1370115632547442,0.6661469432702742,0.01754385964912286,0.01754385964912286,CA1|DG|VIS,0.0,0.0,0.0,1.0,,
cross_lab_ibl_to_allen,798911424_probeB,5class,bandpower_clean,constant,permuted,0,96900,5700,0.3333333333333333,0.019989599196949003,0.3333333333333333,0.38596491228070173,0.18565400843881855,1.1370115632547442,0.6661469432702742,0.01754385964912286,0.01754385964912286,CA1|DG|VIS,0.0,0.0,0.0,1.0,,
cross_lab_ibl_to_allen,798911424_probeC,5class,bandpower_clean,constant,model,0,96900,3800,0.5,0.024891067019943206,0.5,0.6052631578947368,0.3770491803278688,1.0619662302585287,0.618693428161553,0.23684210526315802,0.23684210526315802,DG|VIS,0.0,,0.0,1.0,,
cross_lab_ibl_to_allen,798911424_probeC,5class,bandpower_clean,constant,permuted,0,96900,3800,0.5,0.024891067019943206,0.5,0.6052631578947368,0.3770491803278688,1.0619662302585287,0.618693428161553,0.23684210526315802,0.23684210526315802,DG|VIS,0.0,,0.0,1.0,,
cross_lab_ibl_to_allen,798911424_probeD,5class,bandpower_clean,constant,model,0,96900,5700,0.25,0.03312182495668888,0.25,0.42105263157894735,0.14814814814814814,2.255804883496244,0.7425505425677957,0.052631578947368474,0.052631578947368474,CA1|CA2|CA3|VIS,0.0,0.0,,1.0,0.0,0.0
cross_lab_ibl_to_allen,798911424_probeD,5class,bandpower_clean,constant,permuted,0,96900,5700,0.25,0.03312182495668888,0.25,0.42105263157894735,0.14814814814814814,2.255804883496244,0.7425505425677957,0.052631578947368474,0.052631578947368474,CA1|CA2|CA3|VIS,0.0,0.0,,1.0,0.0,0.0
cross_lab_ibl_to_allen,798911424_probeE,5class,bandpower_clean,constant,model,0,96900,6400,0.25,0.030142859224741154,0.25,0.359375,0.13218390804597702,2.570219936715171,0.8501837736072108,0.009046052631578816,0.009046052631578816,CA1|CA2|CA3|VIS,0.0,0.0,,1.0,0.0,0.0
cross_lab_ibl_to_allen,798911424_probeE,5class,bandpower_clean,constant,permuted,0,96900,6400,0.25,0.030142859224741154,0.25,0.359375,0.13218390804597702,2.570219936715171,0.8501837736072108,0.009046052631578816,0.009046052631578816,CA1|CA2|CA3|VIS,0.0,0.0,,1.0,0.0,0.0
cross_lab_ibl_to_allen,798911424_probeF,5class,bandpower_clean,constant,model,0,96900,5700,0.25,0.021875,0.25,0.42105263157894735,0.14814814814814814,1.447184135589709,0.7457370433915786,0.052631578947368474,0.052631578947368474,CA1|CA3|DG|VIS,0.0,0.0,0.0,1.0,0.0,
cross_lab_ibl_to_allen,798911424_probeF,5class,bandpower_clean,constant,permuted,0,96900,5700,0.25,0.021875,0.25,0.42105263157894735,0.14814814814814814,1.447184135589709,0.7457370433915786,0.052631578947368474,0.052631578947368474,CA1|CA3|DG|VIS,0.0,0.0,0.0,1.0,0.0,
cross_lab_ibl_to_allen,719161530_probeA,4class,bandpower_clean,logreg,model,0,96900,5200,0.3333333333333333,0.02154269734821195,0.4259327934072179,0.43153846153846154,0.38317046534027543,1.1665233573482356,0.6834566598349507,0.12995881966615677,0.13376320953005919,CA1|DG|VIS,0.09259946007388459,0.8205882352941176,0.18416666666666667,0.27304347826086955,,
cross_lab_ibl_to_allen,719161530_probeA,4class,bandpower_clean,logreg,permuted,0,96900,5200,0.3333333333333333,0.02154269734821195,0.3333333333333333,0.4423076923076923,0.20444444444444443,1.1364524812421375,0.6632210911829671,0.07412742117294369,0.16051449302223253,CA1|DG|VIS,0.0,0.0,0.0,1.0,,
cross_lab_ibl_to_allen,719161530_probeB,4class,bandpower_clean,logreg,model,0,96900,5400,0.3333333333333333,0.02076286784374165,0.46244829244829244,0.4622222222222222,0.43667325417917263,1.0948779508301667,0.648710540805464,0.0864865881153237,0.08820234202108229,CA1|DG|VIS,0.12911495911495913,0.7761111111111111,0.30714285714285716,0.3040909090909091,,
cross_lab_ibl_to_allen,719161530_probeB,4class,bandpower_clean,logreg,permuted,0,96900,5400,0.3333333333333333,0.02076286784374165,0.3333333333333333,0.4074074074074074,0.1929824561403509,1.1414910342428464,0.6668569052229635,0.039188448921919916,0.16210915278392543,CA1|DG|VIS,0.0,0.0,0.0,1.0,,
cross_lab_ibl_to_allen,719161530_probeC,4class,bandpower_clean,logreg,model,0,96900,2900,0.5,0.03254617099987719,0.13503246753246753,0.18344827586206897,0.19370317722407754,1.3824009452047317,0.8560090102437996,0.3340977828810008,0.3340977828810008,DG|VIS,-0.36496753246753244,,0.041428571428571426,0.22863636363636364,,
cross_lab_ibl_to_allen,719161530_probeC,4class,bandpower_clean,logreg,permuted,0,96900,2900,0.5,0.03254617099987719,0.5,0.7586206896551724,0.43137254901960786,1.034111964780681,0.5994424710089747,0.3907823033000172,0.39078230330001723,DG|VIS,0.0,,0.0,1.0,,
cross_lab_ibl_to_allen,719161530_probeF,4class,bandpower_clean,logreg,model,0,96900,4100,0.3333333333333333,0.029950940277884627,0.4952549019607843,0.5158536585365854,0.44457612523986717,1.1760077506042634,0.6354264753216149,0.07027000294745567,0.07800376956574519,CA1|DG|VIS,0.161921568627451,0.8017647058823529,0.385,0.299,,
cross_lab_ibl_to_allen,719161530_probeF,4class,bandpower_clean,logreg,permuted,0,96900,4100,0.3333333333333333,0.029950940277884627,0.3333333333333333,0.4878048780487805,0.2185792349726776,1.1461990624417981,0.6681452246752967,0.1203205323282357,0.23216971479750437,CA1|DG|VIS,0.0,0.0,0.0,1.0,,
cross_lab_ibl_to_allen,798911424_probeA,4class,bandpower_clean,logreg,model,0,96900,5300,0.3333333333333333,0.022039637339010088,0.44349999999999995,0.44169811320754715,0.41761870249846594,1.2365018632778155,0.6938046895363655,0.08779572769763065,0.08579806102785814,CA1|DG|VIS,0.11016666666666663,0.66,0.373,0.2975,,
cross_lab_ibl_to_allen,798911424_probeA,4class,bandpower_clean,logreg,permuted,0,96900,5300,0.3333333333333333,0.022039637339010088,0.3333333333333333,0.4528301886792453,0.20779220779220778,1.136872247555077,0.6640797385286685,0.08444058273020949,0.08722416483198743,CA1|DG|VIS,0.0,0.0,0.0,1.0,,
cross_lab_ibl_to_allen,798911424_probeB,4class,bandpower_clean,logreg,model,0,96900,5700,0.3333333333333333,0.019989599196949003,0.4812141018023371,0.4692982456140351,0.4646957609427858,1.1786026554184574,0.6688629455518629,0.09160123607740855,0.09265020055769221,CA1|DG|VIS,0.14788076846900378,0.6444444444444445,0.4864705882352941,0.31272727272727274,,
cross_lab_ibl_to_allen,798911424_probeB,4class,bandpower_clean,logreg,permuted,0,96900,5700,0.3333333333333333,0.019989599196949003,0.3333333333333333,0.38596491228070173,0.18565400843881855,1.1396231895548625,0.6664364696388108,0.017930915621147236,0.10261917224006822,CA1|DG|VIS,0.0,0.0,0.0,1.0,,
cross_lab_ibl_to_allen,798911424_probeC,4class,bandpower_clean,logreg,model,0,96900,3800,0.5,0.024891067019943206,0.34549275362318843,0.34342105263157896,0.39497638668934776,1.2619939874902006,0.7331447833194801,0.13725449820214583,0.14473536029228792,DG|VIS,-0.15450724637681157,,0.35533333333333333,0.3356521739130435,,
cross_lab_ibl_to_allen,798911424_probeC,4class,bandpower_clean,logreg,permuted,0,96900,3800,0.5,0.024891067019943206,0.5,0.6052631578947368,0.3770491803278688,1.0593051786896863,0.616418936020265,0.23771766855219556,0.2531392076000409,DG|VIS,0.0,,0.0,1.0,,
cross_lab_ibl_to_allen,798911424_probeD,4class,bandpower_clean,logreg,model,0,96900,5500,0.3333333333333333,0.026463569540417495,0.27032051282051284,0.36836363636363634,0.30673937941596957,1.4483245113367855,0.750804261043922,0.1182513693429751,0.1182513693429751,CA1|CA3|VIS,-0.06301282051282048,0.3984615384615385,,0.4125,0.0,
cross_lab_ibl_to_allen,798911424_probeD,4class,bandpower_clean,logreg,permuted,0,96900,5500,0.3333333333333333,0.026463569540417495,0.3333333333333333,0.43636363636363634,0.20253164556962025,1.3328467030811926,0.7229552236103663,0.06759567414456863,0.07175498714150355,CA1|CA3|VIS,0.0,0.0,,1.0,0.0,
cross_lab_ibl_to_allen,798911424_probeE,4class,bandpower_clean,logreg,model,0,96900,6200,0.3333333333333333,0.019112158421861567,0.3055144927536232,0.31951612903225807,0.2989831261736346,1.8726527228600227,0.8329172300138221,0.16178020138784796,0.16178020138784796,CA1|CA3|VIS,-0.027818840579710125,0.4235,,0.4930434782608696,0.0,
cross_lab_ibl_to_allen,798911424_probeE,4class,bandpower_clean,logreg,permuted,0,96900,6200,0.3333333333333333,0.019112158421861567,0.3333333333333333,0.3709677419354839,0.1803921568627451,1.7538026103397246,0.8350396207844679,0.0019386199657311365,0.04969981650579687,CA1|CA3|VIS,0.0,0.0,,1.0,0.0,
cross_lab_ibl_to_allen,798911424_probeF,4class,bandpower_clean,logreg,model,0,96900,5700,0.25,0.021875,0.29541666666666666,0.37526315789473685,0.2712548760508729,1.5018530377670412,0.7553748084564333,0.09967592226422281,0.10132195944661757,CA1|CA3|DG|VIS,0.04541666666666666,0.47625,0.1975,0.5079166666666667,0.0,
cross_lab_ibl_to_allen,798911424_probeF,4class,bandpower_clean,logreg,permuted,0,96900,5700,0.25,0.021875,0.25,0.42105263157894735,0.14814814814814814,1.440772457025026,0.7453362764731454,0.052032477751420725,0.07172994565491637,CA1|CA3|DG|VIS,0.0,0.0,0.0,1.0,0.0,
cross_lab_ibl_to_allen,719161530_probeA,5class,bandpower_clean,logreg,model,0,96900,5200,0.3333333333333333,0.02154269734821195,0.4259327934072179,0.43153846153846154,0.38317046534027543,1.1665233573482356,0.6834566598349507,0.12995881966615677,0.13376320953005919,CA1|DG|VIS,0.09259946007388459,0.8205882352941176,0.18416666666666667,0.27304347826086955,,
cross_lab_ibl_to_allen,719161530_probeA,5class,bandpower_clean,logreg,permuted,0,96900,5200,0.3333333333333333,0.02154269734821195,0.3333333333333333,0.4423076923076923,0.20444444444444443,1.1364524812421375,0.6632210911829671,0.07412742117294369,0.16051449302223253,CA1|DG|VIS,0.0,0.0,0.0,1.0,,
cross_lab_ibl_to_allen,719161530_probeB,5class,bandpower_clean,logreg,model,0,96900,5400,0.3333333333333333,0.02076286784374165,0.46244829244829244,0.4622222222222222,0.43667325417917263,1.0948779508301667,0.648710540805464,0.0864865881153237,0.08820234202108229,CA1|DG|VIS,0.12911495911495913,0.7761111111111111,0.30714285714285716,0.3040909090909091,,
cross_lab_ibl_to_allen,719161530_probeB,5class,bandpower_clean,logreg,permuted,0,96900,5400,0.3333333333333333,0.02076286784374165,0.3333333333333333,0.4074074074074074,0.1929824561403509,1.1414910342428464,0.6668569052229635,0.039188448921919916,0.16210915278392543,CA1|DG|VIS,0.0,0.0,0.0,1.0,,
cross_lab_ibl_to_allen,719161530_probeC,5class,bandpower_clean,logreg,model,0,96900,2900,0.5,0.03254617099987719,0.13503246753246753,0.18344827586206897,0.19370317722407754,1.3824009452047317,0.8560090102437996,0.3340977828810008,0.3340977828810008,DG|VIS,-0.36496753246753244,,0.041428571428571426,0.22863636363636364,,
cross_lab_ibl_to_allen,719161530_probeC,5class,bandpower_clean,logreg,permuted,0,96900,2900,0.5,0.03254617099987719,0.5,0.7586206896551724,0.43137254901960786,1.034111964780681,0.5994424710089747,0.3907823033000172,0.39078230330001723,DG|VIS,0.0,,0.0,1.0,,
cross_lab_ibl_to_allen,719161530_probeF,5class,bandpower_clean,logreg,model,0,96900,4100,0.3333333333333333,0.029950940277884627,0.4952549019607843,0.5158536585365854,0.44457612523986717,1.1760077506042634,0.6354264753216149,0.07027000294745567,0.07800376956574519,CA1|DG|VIS,0.161921568627451,0.8017647058823529,0.385,0.299,,
cross_lab_ibl_to_allen,719161530_probeF,5class,bandpower_clean,logreg,permuted,0,96900,4100,0.3333333333333333,0.029950940277884627,0.3333333333333333,0.4878048780487805,0.2185792349726776,1.1461990624417981,0.6681452246752967,0.1203205323282357,0.23216971479750437,CA1|DG|VIS,0.0,0.0,0.0,1.0,,
cross_lab_ibl_to_allen,798911424_probeA,5class,bandpower_clean,logreg,model,0,96900,5300,0.3333333333333333,0.022039637339010088,0.44349999999999995,0.44169811320754715,0.41761870249846594,1.2365018632778155,0.6938046895363655,0.08779572769763065,0.08579806102785814,CA1|DG|VIS,0.11016666666666663,0.66,0.373,0.2975,,
cross_lab_ibl_to_allen,798911424_probeA,5class,bandpower_clean,logreg,permuted,0,96900,5300,0.3333333333333333,0.022039637339010088,0.3333333333333333,0.4528301886792453,0.20779220779220778,1.136872247555077,0.6640797385286685,0.08444058273020949,0.08722416483198743,CA1|DG|VIS,0.0,0.0,0.0,1.0,,
cross_lab_ibl_to_allen,798911424_probeB,5class,bandpower_clean,logreg,model,0,96900,5700,0.3333333333333333,0.019989599196949003,0.4812141018023371,0.4692982456140351,0.4646957609427858,1.1786026554184574,0.6688629455518629,0.09160123607740855,0.09265020055769221,CA1|DG|VIS,0.14788076846900378,0.6444444444444445,0.4864705882352941,0.31272727272727274,,
cross_lab_ibl_to_allen,798911424_probeB,5class,bandpower_clean,logreg,permuted,0,96900,5700,0.3333333333333333,0.019989599196949003,0.3333333333333333,0.38596491228070173,0.18565400843881855,1.1396231895548625,0.6664364696388108,0.017930915621147236,0.10261917224006822,CA1|DG|VIS,0.0,0.0,0.0,1.0,,
cross_lab_ibl_to_allen,798911424_probeC,5class,bandpower_clean,logreg,model,0,96900,3800,0.5,0.024891067019943206,0.34549275362318843,0.34342105263157896,0.39497638668934776,1.2619939874902006,0.7331447833194801,0.13725449820214583,0.14473536029228792,DG|VIS,-0.15450724637681157,,0.35533333333333333,0.3356521739130435,,
cross_lab_ibl_to_allen,798911424_probeC,5class,bandpower_clean,logreg,permuted,0,96900,3800,0.5,0.024891067019943206,0.5,0.6052631578947368,0.3770491803278688,1.0593051786896863,0.616418936020265,0.23771766855219556,0.2531392076000409,DG|VIS,0.0,,0.0,1.0,,
cross_lab_ibl_to_allen,798911424_probeD,5class,bandpower_clean,logreg,model,0,96900,5700,0.25,0.03312182495668888,0.20274038461538463,0.35543859649122805,0.22636834255658986,2.36701562026983,0.7718987538469319,0.12982912316828654,0.12982912316828654,CA1|CA2|CA3|VIS,-0.04725961538461537,0.3984615384615385,,0.4125,0.0,0.0
cross_lab_ibl_to_allen,798911424_probeD,5class,bandpower_clean,logreg,permuted,0,96900,5700,0.25,0.03312182495668888,0.25,0.42105263157894735,0.14814814814814814,2.255589664935486,0.7436101352862138,0.05230312336011911,0.060721363969836135,CA1|CA2|CA3|VIS,0.0,0.0,,1.0,0.0,0.0
cross_lab_ibl_to_allen,798911424_probeE,5class,bandpower_clean,logreg,model,0,96900,6400,0.25,0.030142859224741154,0.2291358695652174,0.30953125,0.2194973388429661,2.677601735143414,0.8501752602490116,0.172021099808302,0.17202109980830196,CA1|CA2|CA3|VIS,-0.020864130434782607,0.4235,,0.4930434782608696,0.0,0.0
cross_lab_ibl_to_allen,798911424_probeE,5class,bandpower_clean,logreg,permuted,0,96900,6400,0.25,0.030142859224741154,0.25,0.359375,0.13218390804597702,2.5624656886393753,0.8499536208340605,0.009694465504861027,0.049960743152431965,CA1|CA2|CA3|VIS,0.0,0.0,,1.0,0.0,0.0
cross_lab_ibl_to_allen,798911424_probeF,5class,bandpower_clean,logreg,model,0,96900,5700,0.25,0.021875,0.29541666666666666,0.37526315789473685,0.2712548760508729,1.5018530377670412,0.7553748084564333,0.09967592226422281,0.10132195944661757,CA1|CA3|DG|VIS,0.04541666666666666,0.47625,0.1975,0.5079166666666667,0.0,
cross_lab_ibl_to_allen,798911424_probeF,5class,bandpower_clean,logreg,permuted,0,96900,5700,0.25,0.021875,0.25,0.42105263157894735,0.14814814814814814,1.440772457025026,0.7453362764731454,0.052032477751420725,0.07172994565491637,CA1|CA3|DG|VIS,0.0,0.0,0.0,1.0,0.0,
cross_lab_ibl_to_allen,719161530_probeA,4class,geometry,constant,model,0,96900,5200,0.3333333333333333,0.02154269734821195,0.3333333333333333,0.4423076923076923,0.20444444444444443,1.1293601106120943,0.660810807821706,0.07388663967611347,0.07388663967611347,CA1|DG|VIS,0.0,0.0,0.0,1.0,,
cross_lab_ibl_to_allen,719161530_probeA,4class,geometry,constant,permuted,0,96900,5200,0.3333333333333333,0.02154269734821195,0.3333333333333333,0.4423076923076923,0.20444444444444443,1.1293601106120943,0.660810807821706,0.07388663967611347,0.07388663967611347,CA1|DG|VIS,0.0,0.0,0.0,1.0,,
cross_lab_ibl_to_allen,719161530_probeB,4class,geometry,constant,model,0,96900,5400,0.3333333333333333,0.02076286784374165,0.3333333333333333,0.4074074074074074,0.1929824561403509,1.1357768217419775,0.6651048931271433,0.03898635477582851,0.03898635477582851,CA1|DG|VIS,0.0,0.0,0.0,1.0,,
cross_lab_ibl_to_allen,719161530_probeB,4class,geometry,constant,permuted,0,96900,5400,0.3333333333333333,0.02076286784374165,0.3333333333333333,0.4074074074074074,0.1929824561403509,1.1357768217419775,0.6651048931271433,0.03898635477582851,0.03898635477582851,CA1|DG|VIS,0.0,0.0,0.0,1.0,,
cross_lab_ibl_to_allen,719161530_probeC,4class,geometry,constant,model,0,96900,2900,0.5,0.03254617099987719,0.5,0.7586206896551724,0.43137254901960786,1.0373204357185035,0.6019174752548387,0.3901996370235935,0.3901996370235935,DG|VIS,0.0,,0.0,1.0,,
cross_lab_ibl_to_allen,719161530_probeC,4class,geometry,constant,permuted,0,96900,2900,0.5,0.03254617099987719,0.5,0.7586206896551724,0.43137254901960786,1.0373204357185035,0.6019174752548387,0.3901996370235935,0.3901996370235935,DG|VIS,0.0,,0.0,1.0,,
cross_lab_ibl_to_allen,719161530_probeF,4class,geometry,constant,model,0,96900,4100,0.3333333333333333,0.029950940277884627,0.3333333333333333,0.4878048780487805,0.2185792349726776,1.133103511649248,0.662351050659238,0.1193838254172016,0.1193838254172016,CA1|DG|VIS,0.0,0.0,0.0,1.0,,
cross_lab_ibl_to_allen,719161530_probeF,4class,geometry,constant,permuted,0,96900,4100,0.3333333333333333,0.029950940277884627,0.3333333333333333,0.4878048780487805,0.2185792349726776,1.133103511649248,0.662351050659238,0.1193838254172016,0.1193838254172016,CA1|DG|VIS,0.0,0.0,0.0,1.0,,
cross_lab_ibl_to_allen,798911424_probeA,4class,geometry,constant,model,0,96900,5300,0.3333333333333333,0.022039637339010088,0.3333333333333333,0.4528301886792453,0.20779220779220778,1.131647849504354,0.6620053120537709,0.08440913604766648,0.08440913604766648,CA1|DG|VIS,0.0,0.0,0.0,1.0,,
cross_lab_ibl_to_allen,798911424_probeA,4class,geometry,constant,permuted,0,96900,5300,0.3333333333333333,0.022039637339010088,0.3333333333333333,0.4528301886792453,0.20779220779220778,1.131647849504354,0.6620053120537709,0.08440913604766648,0.08440913604766648,CA1|DG|VIS,0.0,0.0,0.0,1.0,,
cross_lab_ibl_to_allen,798911424_probeB,4class,geometry,constant,model,0,96900,5700,0.3333333333333333,0.019989599196949003,0.3333333333333333,0.38596491228070173,0.18565400843881855,1.1370115632547442,0.6661469432702742,0.01754385964912286,0.01754385964912286,CA1|DG|VIS,0.0,0.0,0.0,1.0,,
cross_lab_ibl_to_allen,798911424_probeB,4class,geometry,constant,permuted,0,96900,5700,0.3333333333333333,0.019989599196949003,0.3333333333333333,0.38596491228070173,0.18565400843881855,1.1370115632547442,0.6661469432702742,0.01754385964912286,0.01754385964912286,CA1|DG|VIS,0.0,0.0,0.0,1.0,,
cross_lab_ibl_to_allen,798911424_probeC,4class,geometry,constant,model,0,96900,3800,0.5,0.024891067019943206,0.5,0.6052631578947368,0.3770491803278688,1.0619662302585287,0.618693428161553,0.23684210526315802,0.23684210526315802,DG|VIS,0.0,,0.0,1.0,,
cross_lab_ibl_to_allen,798911424_probeC,4class,geometry,constant,permuted,0,96900,3800,0.5,0.024891067019943206,0.5,0.6052631578947368,0.3770491803278688,1.0619662302585287,0.618693428161553,0.23684210526315802,0.23684210526315802,DG|VIS,0.0,,0.0,1.0,,
cross_lab_ibl_to_allen,798911424_probeD,4class,geometry,constant,model,0,96900,5500,0.3333333333333333,0.026463569540417495,0.3333333333333333,0.43636363636363634,0.20253164556962025,1.3330697477714335,0.7218303867979415,0.06794258373205747,0.06794258373205747,CA1|CA3|VIS,0.0,0.0,,1.0,0.0,
cross_lab_ibl_to_allen,798911424_probeD,4class,geometry,constant,permuted,0,96900,5500,0.3333333333333333,0.026463569540417495,0.3333333333333333,0.43636363636363634,0.20253164556962025,1.3330697477714335,0.7218303867979415,0.06794258373205747,0.06794258373205747,CA1|CA3|VIS,0.0,0.0,,1.0,0.0,
cross_lab_ibl_to_allen,798911424_probeE,4class,geometry,constant,model,0,96900,6200,0.3333333333333333,0.019112158421861567,0.3333333333333333,0.3709677419354839,0.1803921568627451,1.7618069954502238,0.8352750299739339,0.002546689303905003,0.002546689303905003,CA1|CA3|VIS,0.0,0.0,,1.0,0.0,
cross_lab_ibl_to_allen,798911424_probeE,4class,geometry,constant,permuted,0,96900,6200,0.3333333333333333,0.019112158421861567,0.3333333333333333,0.3709677419354839,0.1803921568627451,1.7618069954502238,0.8352750299739339,0.002546689303905003,0.002546689303905003,CA1|CA3|VIS,0.0,0.0,,1.0,0.0,
cross_lab_ibl_to_allen,798911424_probeF,4class,geometry,constant,model,0,96900,5700,0.25,0.021875,0.25,0.42105263157894735,0.14814814814814814,1.447184135589709,0.7457370433915786,0.052631578947368474,0.052631578947368474,CA1|CA3|DG|VIS,0.0,0.0,0.0,1.0,0.0,
cross_lab_ibl_to_allen,798911424_probeF,4class,geometry,constant,permuted,0,96900,5700,0.25,0.021875,0.25,0.42105263157894735,0.14814814814814814,1.447184135589709,0.7457370433915786,0.052631578947368474,0.052631578947368474,CA1|CA3|DG|VIS,0.0,0.0,0.0,1.0,0.0,
cross_lab_ibl_to_allen,719161530_probeA,5class,geometry,constant,model,0,96900,5200,0.3333333333333333,0.02154269734821195,0.3333333333333333,0.4423076923076923,0.20444444444444443,1.1293601106120943,0.660810807821706,0.07388663967611347,0.07388663967611347,CA1|DG|VIS,0.0,0.0,0.0,1.0,,
cross_lab_ibl_to_allen,719161530_probeA,5class,geometry,constant,permuted,0,96900,5200,0.3333333333333333,0.02154269734821195,0.3333333333333333,0.4423076923076923,0.20444444444444443,1.1293601106120943,0.660810807821706,0.07388663967611347,0.07388663967611347,CA1|DG|VIS,0.0,0.0,0.0,1.0,,
cross_lab_ibl_to_allen,719161530_probeB,5class,geometry,constant,model,0,96900,5400,0.3333333333333333,0.02076286784374165,0.3333333333333333,0.4074074074074074,0.1929824561403509,1.1357768217419775,0.6651048931271433,0.03898635477582851,0.03898635477582851,CA1|DG|VIS,0.0,0.0,0.0,1.0,,
cross_lab_ibl_to_allen,719161530_probeB,5class,geometry,constant,permuted,0,96900,5400,0.3333333333333333,0.02076286784374165,0.3333333333333333,0.4074074074074074,0.1929824561403509,1.1357768217419775,0.6651048931271433,0.03898635477582851,0.03898635477582851,CA1|DG|VIS,0.0,0.0,0.0,1.0,,
cross_lab_ibl_to_allen,719161530_probeC,5class,geometry,constant,model,0,96900,2900,0.5,0.03254617099987719,0.5,0.7586206896551724,0.43137254901960786,1.0373204357185035,0.6019174752548387,0.3901996370235935,0.3901996370235935,DG|VIS,0.0,,0.0,1.0,,
cross_lab_ibl_to_allen,719161530_probeC,5class,geometry,constant,permuted,0,96900,2900,0.5,0.03254617099987719,0.5,0.7586206896551724,0.43137254901960786,1.0373204357185035,0.6019174752548387,0.3901996370235935,0.3901996370235935,DG|VIS,0.0,,0.0,1.0,,
cross_lab_ibl_to_allen,719161530_probeF,5class,geometry,constant,model,0,96900,4100,0.3333333333333333,0.029950940277884627,0.3333333333333333,0.4878048780487805,0.2185792349726776,1.133103511649248,0.662351050659238,0.1193838254172016,0.1193838254172016,CA1|DG|VIS,0.0,0.0,0.0,1.0,,
cross_lab_ibl_to_allen,719161530_probeF,5class,geometry,constant,permuted,0,96900,4100,0.3333333333333333,0.029950940277884627,0.3333333333333333,0.4878048780487805,0.2185792349726776,1.133103511649248,0.662351050659238,0.1193838254172016,0.1193838254172016,CA1|DG|VIS,0.0,0.0,0.0,1.0,,
cross_lab_ibl_to_allen,798911424_probeA,5class,geometry,constant,model,0,96900,5300,0.3333333333333333,0.022039637339010088,0.3333333333333333,0.4528301886792453,0.20779220779220778,1.131647849504354,0.6620053120537709,0.08440913604766648,0.08440913604766648,CA1|DG|VIS,0.0,0.0,0.0,1.0,,
cross_lab_ibl_to_allen,798911424_probeA,5class,geometry,constant,permuted,0,96900,5300,0.3333333333333333,0.022039637339010088,0.3333333333333333,0.4528301886792453,0.20779220779220778,1.131647849504354,0.6620053120537709,0.08440913604766648,0.08440913604766648,CA1|DG|VIS,0.0,0.0,0.0,1.0,,
cross_lab_ibl_to_allen,798911424_probeB,5class,geometry,constant,model,0,96900,5700,0.3333333333333333,0.019989599196949003,0.3333333333333333,0.38596491228070173,0.18565400843881855,1.1370115632547442,0.6661469432702742,0.01754385964912286,0.01754385964912286,CA1|DG|VIS,0.0,0.0,0.0,1.0,,
cross_lab_ibl_to_allen,798911424_probeB,5class,geometry,constant,permuted,0,96900,5700,0.3333333333333333,0.019989599196949003,0.3333333333333333,0.38596491228070173,0.18565400843881855,1.1370115632547442,0.6661469432702742,0.01754385964912286,0.01754385964912286,CA1|DG|VIS,0.0,0.0,0.0,1.0,,
cross_lab_ibl_to_allen,798911424_probeC,5class,geometry,constant,model,0,96900,3800,0.5,0.024891067019943206,0.5,0.6052631578947368,0.3770491803278688,1.0619662302585287,0.618693428161553,0.23684210526315802,0.23684210526315802,DG|VIS,0.0,,0.0,1.0,,
cross_lab_ibl_to_allen,798911424_probeC,5class,geometry,constant,permuted,0,96900,3800,0.5,0.024891067019943206,0.5,0.6052631578947368,0.3770491803278688,1.0619662302585287,0.618693428161553,0.23684210526315802,0.23684210526315802,DG|VIS,0.0,,0.0,1.0,,
cross_lab_ibl_to_allen,798911424_probeD,5class,geometry,constant,model,0,96900,5700,0.25,0.03312182495668888,0.25,0.42105263157894735,0.14814814814814814,2.255804883496244,0.7425505425677957,0.052631578947368474,0.052631578947368474,CA1|CA2|CA3|VIS,0.0,0.0,,1.0,0.0,0.0
cross_lab_ibl_to_allen,798911424_probeD,5class,geometry,constant,permuted,0,96900,5700,0.25,0.03312182495668888,0.25,0.42105263157894735,0.14814814814814814,2.255804883496244,0.7425505425677957,0.052631578947368474,0.052631578947368474,CA1|CA2|CA3|VIS,0.0,0.0,,1.0,0.0,0.0
cross_lab_ibl_to_allen,798911424_probeE,5class,geometry,constant,model,0,96900,6400,0.25,0.030142859224741154,0.25,0.359375,0.13218390804597702,2.570219936715171,0.8501837736072108,0.009046052631578816,0.009046052631578816,CA1|CA2|CA3|VIS,0.0,0.0,,1.0,0.0,0.0
cross_lab_ibl_to_allen,798911424_probeE,5class,geometry,constant,permuted,0,96900,6400,0.25,0.030142859224741154,0.25,0.359375,0.13218390804597702,2.570219936715171,0.8501837736072108,0.009046052631578816,0.009046052631578816,CA1|CA2|CA3|VIS,0.0,0.0,,1.0,0.0,0.0
cross_lab_ibl_to_allen,798911424_probeF,5class,geometry,constant,model,0,96900,5700,0.25,0.021875,0.25,0.42105263157894735,0.14814814814814814,1.447184135589709,0.7457370433915786,0.052631578947368474,0.052631578947368474,CA1|CA3|DG|VIS,0.0,0.0,0.0,1.0,0.0,
cross_lab_ibl_to_allen,798911424_probeF,5class,geometry,constant,permuted,0,96900,5700,0.25,0.021875,0.25,0.42105263157894735,0.14814814814814814,1.447184135589709,0.7457370433915786,0.052631578947368474,0.052631578947368474,CA1|CA3|DG|VIS,0.0,0.0,0.0,1.0,0.0,
cross_lab_ibl_to_allen,719161530_probeA,4class,geometry,logreg,model,0,96900,5200,0.3333333333333333,0.02154269734821195,0.6078431372549019,0.7115384615384616,0.6344086021505376,1.4770799198308056,0.553502893421568,0.26324089242492815,0.26336857516084355,CA1|DG|VIS,0.2745098039215686,0.8235294117647058,0.0,1.0,,
cross_lab_ibl_to_allen,719161530_probeA,4class,geometry,logreg,permuted,0,96900,5200,0.3333333333333333,0.02154269734821195,0.3333333333333333,0.4423076923076923,0.20444444444444443,1.1393003979301162,0.6676565095718311,0.09244797192329185,0.4577912715666136,CA1|DG|VIS,0.0,0.0,0.0,1.0,,
cross_lab_ibl_to_allen,719161530_probeB,4class,geometry,logreg,model,0,96900,5400,0.3333333333333333,0.02076286784374165,0.5925925925925926,0.6666666666666666,0.6105072463768116,1.6111790372869477,0.591888338772561,0.2945666576814366,0.2945874683300392,CA1|DG|VIS,0.25925925925925924,0.7777777777777778,0.0,1.0,,
cross_lab_ibl_to_allen,719161530_probeB,4class,geometry,logreg,permuted,0,96900,5400,0.3333333333333333,0.02076286784374165,0.3333333333333333,0.4074074074074074,0.1929824561403509,1.1430905169828764,0.6701367233339254,0.05754834229407446,0.4740185655895037,CA1|DG|VIS,0.0,0.0,0.0,1.0,,
cross_lab_ibl_to_allen,719161530_probeC,4class,geometry,logreg,model,0,96900,2900,0.5,0.03254617099987719,0.5,0.7586206896551724,0.5,1.9397360009076376,0.4824309670894495,0.2411780989537501,0.24140505807175874,DG|VIS,0.0,,0.0,1.0,,
cross_lab_ibl_to_allen,719161530_probeC,4class,geometry,logreg,permuted,0,96900,2900,0.5,0.03254617099987719,0.5,0.7586206896551724,0.43137254901960786,1.083577556453039,0.6323816424965281,0.41126243883836605,0.5807040034079283,DG|VIS,0.0,,0.0,1.0,,
cross_lab_ibl_to_allen,719161530_probeF,4class,geometry,logreg,model,0,96900,4100,0.3333333333333333,0.029950940277884627,0.4735294117647058,0.6585365853658537,0.5299145299145299,2.9966910931841206,0.6180271570870145,0.3117600702714018,0.30580179977521016,CA1|DG|VIS,0.1401960784313725,0.47058823529411764,0.0,0.95,,
cross_lab_ibl_to_allen,719161530_probeF,4class,geometry,logreg,permuted,0,96900,4100,0.3333333333333333,0.029950940277884627,0.3333333333333333,0.4878048780487805,0.2185792349726776,1.146066652779081,0.6720360264143679,0.14862316275863652,0.4988555462030961,CA1|DG|VIS,0.0,0.0,0.0,1.0,,
cross_lab_ibl_to_allen,798911424_probeA,4class,geometry,logreg,model,0,96900,5300,0.3333333333333333,0.022039637339010088,0.5614035087719298,0.6981132075471698,0.6041666666666666,2.1864170878459657,0.5769783903962843,0.311701239262311,0.27781337845901255,CA1|DG|VIS,0.22807017543859648,0.6842105263157895,0.0,1.0,,
cross_lab_ibl_to_allen,798911424_probeA,4class,geometry,logreg,permuted,0,96900,5300,0.3333333333333333,0.022039637339010088,0.3333333333333333,0.4528301886792453,0.20779220779220778,1.1415498515378637,0.6690858936124041,0.10700818118264954,0.47434327612299854,CA1|DG|VIS,0.0,0.0,0.0,1.0,,
cross_lab_ibl_to_allen,798911424_probeB,4class,geometry,logreg,model,0,96900,5700,0.3333333333333333,0.019989599196949003,0.5925925925925926,0.631578947368421,0.5972222222222222,3.261205222957295,0.7072959187379291,0.353011167582843,0.3316932294387426,CA1|DG|VIS,0.25925925925925924,0.7777777777777778,0.0,1.0,,
cross_lab_ibl_to_allen,798911424_probeB,4class,geometry,logreg,permuted,0,96900,5700,0.3333333333333333,0.019989599196949003,0.3333333333333333,0.38596491228070173,0.18565400843881855,1.1435011410945084,0.6705529146063108,0.04153246892107387,0.45402770242246704,CA1|DG|VIS,0.0,0.0,0.0,1.0,,
cross_lab_ibl_to_allen,798911424_probeC,4class,geometry,logreg,model,0,96900,3800,0.5,0.024891067019943206,0.5,0.6052631578947368,0.5,4.998751823218958,0.7890304460237446,0.39450376416945254,0.39450377460398145,DG|VIS,0.0,,0.0,1.0,,
cross_lab_ibl_to_allen,798911424_probeC,4class,geometry,logreg,permuted,0,96900,3800,0.5,0.024891067019943206,0.5,0.6052631578947368,0.3770491803278688,1.1059409242458418,0.6468908123893803,0.26340043633143895,0.5350048197922094,DG|VIS,0.0,,0.0,1.0,,
cross_lab_ibl_to_allen,798911424_probeD,4class,geometry,logreg,model,0,96900,5500,0.3333333333333333,0.026463569540417495,0.8205128205128206,0.7454545454545455,0.6829819647157107,1.3793896399846723,0.4255733446469023,0.22832474543447856,0.21475969720062366,CA1|CA3|VIS,0.4871794871794873,0.46153846153846156,,1.0,1.0,
cross_lab_ibl_to_allen,798911424_probeD,4class,geometry,logreg,permuted,0,96900,5500,0.3333333333333333,0.026463569540417495,0.3333333333333333,0.43636363636363634,0.20253164556962025,1.3337280079829918,0.7246127140967287,0.09507254192881603,0.45658173678592096,CA1|CA3|VIS,0.0,0.0,,1.0,0.0,
cross_lab_ibl_to_allen,798911424_probeE,4class,geometry,logreg,model,0,96900,6200,0.3333333333333333,0.019112158421861567,0.9,0.9032258064516129,0.9027149321266968,0.39132753008076254,0.17084838066211278,0.08991040534550622,0.06935783009139627,CA1|CA3|VIS,0.5666666666666667,0.7,,1.0,1.0,
cross_lab_ibl_to_allen,798911424_probeE,4class,geometry,logreg,permuted,0,96900,6200,0.3333333333333333,0.019112158421861567,0.3333333333333333,0.3709677419354839,0.1803921568627451,1.7631906868963765,0.8394091966664728,0.0255938251296417,0.4389333616528369,CA1|CA3|VIS,0.0,0.0,,1.0,0.0,
cross_lab_ibl_to_allen,798911424_probeF,4class,geometry,logreg,model,0,96900,5700,0.25,0.021875,0.734375,0.8421052631578947,0.6599103661315643,0.8860435066914187,0.2882672532050741,0.1382475591542095,0.12041121457643768,CA1|CA3|DG|VIS,0.484375,0.9375,0.0,1.0,1.0,
cross_lab_ibl_to_allen,798911424_probeF,4class,geometry,logreg,permuted,0,96900,5700,0.25,0.021875,0.25,0.42105263157894735,0.14814814814814814,1.454377014963424,0.7524107185160896,0.07189178843990374,0.4549548896175489,CA1|CA3|DG|VIS,0.0,0.0,0.0,1.0,0.0,
cross_lab_ibl_to_allen,719161530_probeA,5class,geometry,logreg,model,0,96900,5200,0.3333333333333333,0.02154269734821195,0.6078431372549019,0.7115384615384616,0.6344086021505376,1.4770799198308056,0.553502893421568,0.26324089242492815,0.26336857516084355,CA1|DG|VIS,0.2745098039215686,0.8235294117647058,0.0,1.0,,
cross_lab_ibl_to_allen,719161530_probeA,5class,geometry,logreg,permuted,0,96900,5200,0.3333333333333333,0.02154269734821195,0.3333333333333333,0.4423076923076923,0.20444444444444443,1.1393003979301162,0.6676565095718311,0.09244797192329185,0.4577912715666136,CA1|DG|VIS,0.0,0.0,0.0,1.0,,
cross_lab_ibl_to_allen,719161530_probeB,5class,geometry,logreg,model,0,96900,5400,0.3333333333333333,0.02076286784374165,0.5925925925925926,0.6666666666666666,0.6105072463768116,1.6111790372869477,0.591888338772561,0.2945666576814366,0.2945874683300392,CA1|DG|VIS,0.25925925925925924,0.7777777777777778,0.0,1.0,,
cross_lab_ibl_to_allen,719161530_probeB,5class,geometry,logreg,permuted,0,96900,5400,0.3333333333333333,0.02076286784374165,0.3333333333333333,0.4074074074074074,0.1929824561403509,1.1430905169828764,0.6701367233339254,0.05754834229407446,0.4740185655895037,CA1|DG|VIS,0.0,0.0,0.0,1.0,,
cross_lab_ibl_to_allen,719161530_probeC,5class,geometry,logreg,model,0,96900,2900,0.5,0.03254617099987719,0.5,0.7586206896551724,0.5,1.9397360009076376,0.4824309670894495,0.2411780989537501,0.24140505807175874,DG|VIS,0.0,,0.0,1.0,,
cross_lab_ibl_to_allen,719161530_probeC,5class,geometry,logreg,permuted,0,96900,2900,0.5,0.03254617099987719,0.5,0.7586206896551724,0.43137254901960786,1.083577556453039,0.6323816424965281,0.41126243883836605,0.5807040034079283,DG|VIS,0.0,,0.0,1.0,,
cross_lab_ibl_to_allen,719161530_probeF,5class,geometry,logreg,model,0,96900,4100,0.3333333333333333,0.029950940277884627,0.4735294117647058,0.6585365853658537,0.5299145299145299,2.9966910931841206,0.6180271570870145,0.3117600702714018,0.30580179977521016,CA1|DG|VIS,0.1401960784313725,0.47058823529411764,0.0,0.95,,
cross_lab_ibl_to_allen,719161530_probeF,5class,geometry,logreg,permuted,0,96900,4100,0.3333333333333333,0.029950940277884627,0.3333333333333333,0.4878048780487805,0.2185792349726776,1.146066652779081,0.6720360264143679,0.14862316275863652,0.4988555462030961,CA1|DG|VIS,0.0,0.0,0.0,1.0,,
cross_lab_ibl_to_allen,798911424_probeA,5class,geometry,logreg,model,0,96900,5300,0.3333333333333333,0.022039637339010088,0.5614035087719298,0.6981132075471698,0.6041666666666666,2.1864170878459657,0.5769783903962843,0.311701239262311,0.27781337845901255,CA1|DG|VIS,0.22807017543859648,0.6842105263157895,0.0,1.0,,
cross_lab_ibl_to_allen,798911424_probeA,5class,geometry,logreg,permuted,0,96900,5300,0.3333333333333333,0.022039637339010088,0.3333333333333333,0.4528301886792453,0.20779220779220778,1.1415498515378637,0.6690858936124041,0.10700818118264954,0.47434327612299854,CA1|DG|VIS,0.0,0.0,0.0,1.0,,
cross_lab_ibl_to_allen,798911424_probeB,5class,geometry,logreg,model,0,96900,5700,0.3333333333333333,0.019989599196949003,0.5925925925925926,0.631578947368421,0.5972222222222222,3.261205222957295,0.7072959187379291,0.353011167582843,0.3316932294387426,CA1|DG|VIS,0.25925925925925924,0.7777777777777778,0.0,1.0,,
cross_lab_ibl_to_allen,798911424_probeB,5class,geometry,logreg,permuted,0,96900,5700,0.3333333333333333,0.019989599196949003,0.3333333333333333,0.38596491228070173,0.18565400843881855,1.1435011410945084,0.6705529146063108,0.04153246892107387,0.45402770242246704,CA1|DG|VIS,0.0,0.0,0.0,1.0,,
cross_lab_ibl_to_allen,798911424_probeC,5class,geometry,logreg,model,0,96900,3800,0.5,0.024891067019943206,0.5,0.6052631578947368,0.5,4.998751823218958,0.7890304460237446,0.39450376416945254,0.39450377460398145,DG|VIS,0.0,,0.0,1.0,,
cross_lab_ibl_to_allen,798911424_probeC,5class,geometry,logreg,permuted,0,96900,3800,0.5,0.024891067019943206,0.5,0.6052631578947368,0.3770491803278688,1.1059409242458418,0.6468908123893803,0.26340043633143895,0.5350048197922094,DG|VIS,0.0,,0.0,1.0,,
cross_lab_ibl_to_allen,798911424_probeD,5class,geometry,logreg,model,0,96900,5700,0.25,0.03312182495668888,0.6153846153846154,0.7192982456140351,0.501884506663077,2.30049951633358,0.4808161532181853,0.255400954172044,0.2426632912328318,CA1|CA2|CA3|VIS,0.3653846153846154,0.46153846153846156,,1.0,1.0,0.0
cross_lab_ibl_to_allen,798911424_probeD,5class,geometry,logreg,permuted,0,96900,5700,0.25,0.03312182495668888,0.25,0.42105263157894735,0.14814814814814814,2.2564400468582746,0.7451086194252644,0.07966720899506402,0.4534300584825643,CA1|CA2|CA3|VIS,0.0,0.0,,1.0,0.0,0.0
cross_lab_ibl_to_allen,798911424_probeE,5class,geometry,logreg,model,0,96900,6400,0.25,0.030142859224741154,0.675,0.875,0.6655982905982906,1.2425679546385058,0.21520070636348257,0.10833071188609808,0.08811251858266117,CA1|CA2|CA3|VIS,0.42500000000000004,0.7,,1.0,1.0,0.0
cross_lab_ibl_to_allen,798911424_probeE,5class,geometry,logreg,permuted,0,96900,6400,0.25,0.030142859224741154,0.25,0.359375,0.13218390804597702,2.5715603878036317,0.8540895652169922,0.013972912613599009,0.4371118000258069,CA1|CA2|CA3|VIS,0.0,0.0,,1.0,0.0,0.0
cross_lab_ibl_to_allen,798911424_probeF,5class,geometry,logreg,model,0,96900,5700,0.25,0.021875,0.734375,0.8421052631578947,0.6599103661315643,0.8860435066914187,0.2882672532050741,0.1382475591542095,0.12041121457643768,CA1|CA3|DG|VIS,0.484375,0.9375,0.0,1.0,1.0,
cross_lab_ibl_to_allen,798911424_probeF,5class,geometry,logreg,permuted,0,96900,5700,0.25,0.021875,0.25,0.42105263157894735,0.14814814814814814,1.454377014963424,0.7524107185160896,0.07189178843990374,0.4549548896175489,CA1|CA3|DG|VIS,0.0,0.0,0.0,1.0,0.0,
cross_lab_ibl_to_allen,719161530_probeA,4class,amplitude,constant,model,0,96900,5200,0.3333333333333333,0.02154269734821195,0.3333333333333333,0.4423076923076923,0.20444444444444443,1.1293601106120943,0.660810807821706,0.07388663967611347,0.07388663967611347,CA1|DG|VIS,0.0,0.0,0.0,1.0,,
cross_lab_ibl_to_allen,719161530_probeA,4class,amplitude,constant,permuted,0,96900,5200,0.3333333333333333,0.02154269734821195,0.3333333333333333,0.4423076923076923,0.20444444444444443,1.1293601106120943,0.660810807821706,0.07388663967611347,0.07388663967611347,CA1|DG|VIS,0.0,0.0,0.0,1.0,,
cross_lab_ibl_to_allen,719161530_probeB,4class,amplitude,constant,model,0,96900,5400,0.3333333333333333,0.02076286784374165,0.3333333333333333,0.4074074074074074,0.1929824561403509,1.1357768217419775,0.6651048931271433,0.03898635477582851,0.03898635477582851,CA1|DG|VIS,0.0,0.0,0.0,1.0,,
cross_lab_ibl_to_allen,719161530_probeB,4class,amplitude,constant,permuted,0,96900,5400,0.3333333333333333,0.02076286784374165,0.3333333333333333,0.4074074074074074,0.1929824561403509,1.1357768217419775,0.6651048931271433,0.03898635477582851,0.03898635477582851,CA1|DG|VIS,0.0,0.0,0.0,1.0,,
cross_lab_ibl_to_allen,719161530_probeC,4class,amplitude,constant,model,0,96900,2900,0.5,0.03254617099987719,0.5,0.7586206896551724,0.43137254901960786,1.0373204357185035,0.6019174752548387,0.3901996370235935,0.3901996370235935,DG|VIS,0.0,,0.0,1.0,,
cross_lab_ibl_to_allen,719161530_probeC,4class,amplitude,constant,permuted,0,96900,2900,0.5,0.03254617099987719,0.5,0.7586206896551724,0.43137254901960786,1.0373204357185035,0.6019174752548387,0.3901996370235935,0.3901996370235935,DG|VIS,0.0,,0.0,1.0,,
cross_lab_ibl_to_allen,719161530_probeF,4class,amplitude,constant,model,0,96900,4100,0.3333333333333333,0.029950940277884627,0.3333333333333333,0.4878048780487805,0.2185792349726776,1.133103511649248,0.662351050659238,0.1193838254172016,0.1193838254172016,CA1|DG|VIS,0.0,0.0,0.0,1.0,,
cross_lab_ibl_to_allen,719161530_probeF,4class,amplitude,constant,permuted,0,96900,4100,0.3333333333333333,0.029950940277884627,0.3333333333333333,0.4878048780487805,0.2185792349726776,1.133103511649248,0.662351050659238,0.1193838254172016,0.1193838254172016,CA1|DG|VIS,0.0,0.0,0.0,1.0,,
cross_lab_ibl_to_allen,798911424_probeA,4class,amplitude,constant,model,0,96900,5300,0.3333333333333333,0.022039637339010088,0.3333333333333333,0.4528301886792453,0.20779220779220778,1.131647849504354,0.6620053120537709,0.08440913604766648,0.08440913604766648,CA1|DG|VIS,0.0,0.0,0.0,1.0,,
cross_lab_ibl_to_allen,798911424_probeA,4class,amplitude,constant,permuted,0,96900,5300,0.3333333333333333,0.022039637339010088,0.3333333333333333,0.4528301886792453,0.20779220779220778,1.131647849504354,0.6620053120537709,0.08440913604766648,0.08440913604766648,CA1|DG|VIS,0.0,0.0,0.0,1.0,,
cross_lab_ibl_to_allen,798911424_probeB,4class,amplitude,constant,model,0,96900,5700,0.3333333333333333,0.019989599196949003,0.3333333333333333,0.38596491228070173,0.18565400843881855,1.1370115632547442,0.6661469432702742,0.01754385964912286,0.01754385964912286,CA1|DG|VIS,0.0,0.0,0.0,1.0,,
cross_lab_ibl_to_allen,798911424_probeB,4class,amplitude,constant,permuted,0,96900,5700,0.3333333333333333,0.019989599196949003,0.3333333333333333,0.38596491228070173,0.18565400843881855,1.1370115632547442,0.6661469432702742,0.01754385964912286,0.01754385964912286,CA1|DG|VIS,0.0,0.0,0.0,1.0,,
cross_lab_ibl_to_allen,798911424_probeC,4class,amplitude,constant,model,0,96900,3800,0.5,0.024891067019943206,0.5,0.6052631578947368,0.3770491803278688,1.0619662302585287,0.618693428161553,0.23684210526315802,0.23684210526315802,DG|VIS,0.0,,0.0,1.0,,
cross_lab_ibl_to_allen,798911424_probeC,4class,amplitude,constant,permuted,0,96900,3800,0.5,0.024891067019943206,0.5,0.6052631578947368,0.3770491803278688,1.0619662302585287,0.618693428161553,0.23684210526315802,0.23684210526315802,DG|VIS,0.0,,0.0,1.0,,
cross_lab_ibl_to_allen,798911424_probeD,4class,amplitude,constant,model,0,96900,5500,0.3333333333333333,0.026463569540417495,0.3333333333333333,0.43636363636363634,0.20253164556962025,1.3330697477714335,0.7218303867979415,0.06794258373205747,0.06794258373205747,CA1|CA3|VIS,0.0,0.0,,1.0,0.0,
cross_lab_ibl_to_allen,798911424_probeD,4class,amplitude,constant,permuted,0,96900,5500,0.3333333333333333,0.026463569540417495,0.3333333333333333,0.43636363636363634,0.20253164556962025,1.3330697477714335,0.7218303867979415,0.06794258373205747,0.06794258373205747,CA1|CA3|VIS,0.0,0.0,,1.0,0.0,
cross_lab_ibl_to_allen,798911424_probeE,4class,amplitude,constant,model,0,96900,6200,0.3333333333333333,0.019112158421861567,0.3333333333333333,0.3709677419354839,0.1803921568627451,1.7618069954502238,0.8352750299739339,0.002546689303905003,0.002546689303905003,CA1|CA3|VIS,0.0,0.0,,1.0,0.0,
cross_lab_ibl_to_allen,798911424_probeE,4class,amplitude,constant,permuted,0,96900,6200,0.3333333333333333,0.019112158421861567,0.3333333333333333,0.3709677419354839,0.1803921568627451,1.7618069954502238,0.8352750299739339,0.002546689303905003,0.002546689303905003,CA1|CA3|VIS,0.0,0.0,,1.0,0.0,
cross_lab_ibl_to_allen,798911424_probeF,4class,amplitude,constant,model,0,96900,5700,0.25,0.021875,0.25,0.42105263157894735,0.14814814814814814,1.447184135589709,0.7457370433915786,0.052631578947368474,0.052631578947368474,CA1|CA3|DG|VIS,0.0,0.0,0.0,1.0,0.0,
cross_lab_ibl_to_allen,798911424_probeF,4class,amplitude,constant,permuted,0,96900,5700,0.25,0.021875,0.25,0.42105263157894735,0.14814814814814814,1.447184135589709,0.7457370433915786,0.052631578947368474,0.052631578947368474,CA1|CA3|DG|VIS,0.0,0.0,0.0,1.0,0.0,
cross_lab_ibl_to_allen,719161530_probeA,5class,amplitude,constant,model,0,96900,5200,0.3333333333333333,0.02154269734821195,0.3333333333333333,0.4423076923076923,0.20444444444444443,1.1293601106120943,0.660810807821706,0.07388663967611347,0.07388663967611347,CA1|DG|VIS,0.0,0.0,0.0,1.0,,
cross_lab_ibl_to_allen,719161530_probeA,5class,amplitude,constant,permuted,0,96900,5200,0.3333333333333333,0.02154269734821195,0.3333333333333333,0.4423076923076923,0.20444444444444443,1.1293601106120943,0.660810807821706,0.07388663967611347,0.07388663967611347,CA1|DG|VIS,0.0,0.0,0.0,1.0,,
cross_lab_ibl_to_allen,719161530_probeB,5class,amplitude,constant,model,0,96900,5400,0.3333333333333333,0.02076286784374165,0.3333333333333333,0.4074074074074074,0.1929824561403509,1.1357768217419775,0.6651048931271433,0.03898635477582851,0.03898635477582851,CA1|DG|VIS,0.0,0.0,0.0,1.0,,
cross_lab_ibl_to_allen,719161530_probeB,5class,amplitude,constant,permuted,0,96900,5400,0.3333333333333333,0.02076286784374165,0.3333333333333333,0.4074074074074074,0.1929824561403509,1.1357768217419775,0.6651048931271433,0.03898635477582851,0.03898635477582851,CA1|DG|VIS,0.0,0.0,0.0,1.0,,
cross_lab_ibl_to_allen,719161530_probeC,5class,amplitude,constant,model,0,96900,2900,0.5,0.03254617099987719,0.5,0.7586206896551724,0.43137254901960786,1.0373204357185035,0.6019174752548387,0.3901996370235935,0.3901996370235935,DG|VIS,0.0,,0.0,1.0,,
cross_lab_ibl_to_allen,719161530_probeC,5class,amplitude,constant,permuted,0,96900,2900,0.5,0.03254617099987719,0.5,0.7586206896551724,0.43137254901960786,1.0373204357185035,0.6019174752548387,0.3901996370235935,0.3901996370235935,DG|VIS,0.0,,0.0,1.0,,
cross_lab_ibl_to_allen,719161530_probeF,5class,amplitude,constant,model,0,96900,4100,0.3333333333333333,0.029950940277884627,0.3333333333333333,0.4878048780487805,0.2185792349726776,1.133103511649248,0.662351050659238,0.1193838254172016,0.1193838254172016,CA1|DG|VIS,0.0,0.0,0.0,1.0,,
cross_lab_ibl_to_allen,719161530_probeF,5class,amplitude,constant,permuted,0,96900,4100,0.3333333333333333,0.029950940277884627,0.3333333333333333,0.4878048780487805,0.2185792349726776,1.133103511649248,0.662351050659238,0.1193838254172016,0.1193838254172016,CA1|DG|VIS,0.0,0.0,0.0,1.0,,
cross_lab_ibl_to_allen,798911424_probeA,5class,amplitude,constant,model,0,96900,5300,0.3333333333333333,0.022039637339010088,0.3333333333333333,0.4528301886792453,0.20779220779220778,1.131647849504354,0.6620053120537709,0.08440913604766648,0.08440913604766648,CA1|DG|VIS,0.0,0.0,0.0,1.0,,
cross_lab_ibl_to_allen,798911424_probeA,5class,amplitude,constant,permuted,0,96900,5300,0.3333333333333333,0.022039637339010088,0.3333333333333333,0.4528301886792453,0.20779220779220778,1.131647849504354,0.6620053120537709,0.08440913604766648,0.08440913604766648,CA1|DG|VIS,0.0,0.0,0.0,1.0,,
cross_lab_ibl_to_allen,798911424_probeB,5class,amplitude,constant,model,0,96900,5700,0.3333333333333333,0.019989599196949003,0.3333333333333333,0.38596491228070173,0.18565400843881855,1.1370115632547442,0.6661469432702742,0.01754385964912286,0.01754385964912286,CA1|DG|VIS,0.0,0.0,0.0,1.0,,
cross_lab_ibl_to_allen,798911424_probeB,5class,amplitude,constant,permuted,0,96900,5700,0.3333333333333333,0.019989599196949003,0.3333333333333333,0.38596491228070173,0.18565400843881855,1.1370115632547442,0.6661469432702742,0.01754385964912286,0.01754385964912286,CA1|DG|VIS,0.0,0.0,0.0,1.0,,
cross_lab_ibl_to_allen,798911424_probeC,5class,amplitude,constant,model,0,96900,3800,0.5,0.024891067019943206,0.5,0.6052631578947368,0.3770491803278688,1.0619662302585287,0.618693428161553,0.23684210526315802,0.23684210526315802,DG|VIS,0.0,,0.0,1.0,,
cross_lab_ibl_to_allen,798911424_probeC,5class,amplitude,constant,permuted,0,96900,3800,0.5,0.024891067019943206,0.5,0.6052631578947368,0.3770491803278688,1.0619662302585287,0.618693428161553,0.23684210526315802,0.23684210526315802,DG|VIS,0.0,,0.0,1.0,,
cross_lab_ibl_to_allen,798911424_probeD,5class,amplitude,constant,model,0,96900,5700,0.25,0.03312182495668888,0.25,0.42105263157894735,0.14814814814814814,2.255804883496244,0.7425505425677957,0.052631578947368474,0.052631578947368474,CA1|CA2|CA3|VIS,0.0,0.0,,1.0,0.0,0.0
cross_lab_ibl_to_allen,798911424_probeD,5class,amplitude,constant,permuted,0,96900,5700,0.25,0.03312182495668888,0.25,0.42105263157894735,0.14814814814814814,2.255804883496244,0.7425505425677957,0.052631578947368474,0.052631578947368474,CA1|CA2|CA3|VIS,0.0,0.0,,1.0,0.0,0.0
cross_lab_ibl_to_allen,798911424_probeE,5class,amplitude,constant,model,0,96900,6400,0.25,0.030142859224741154,0.25,0.359375,0.13218390804597702,2.570219936715171,0.8501837736072108,0.009046052631578816,0.009046052631578816,CA1|CA2|CA3|VIS,0.0,0.0,,1.0,0.0,0.0
cross_lab_ibl_to_allen,798911424_probeE,5class,amplitude,constant,permuted,0,96900,6400,0.25,0.030142859224741154,0.25,0.359375,0.13218390804597702,2.570219936715171,0.8501837736072108,0.009046052631578816,0.009046052631578816,CA1|CA2|CA3|VIS,0.0,0.0,,1.0,0.0,0.0
cross_lab_ibl_to_allen,798911424_probeF,5class,amplitude,constant,model,0,96900,5700,0.25,0.021875,0.25,0.42105263157894735,0.14814814814814814,1.447184135589709,0.7457370433915786,0.052631578947368474,0.052631578947368474,CA1|CA3|DG|VIS,0.0,0.0,0.0,1.0,0.0,
cross_lab_ibl_to_allen,798911424_probeF,5class,amplitude,constant,permuted,0,96900,5700,0.25,0.021875,0.25,0.42105263157894735,0.14814814814814814,1.447184135589709,0.7457370433915786,0.052631578947368474,0.052631578947368474,CA1|CA3|DG|VIS,0.0,0.0,0.0,1.0,0.0,
cross_lab_ibl_to_allen,719161530_probeA,4class,amplitude,logreg,model,0,96900,5200,0.3333333333333333,0.02154269734821195,0.46936203466894,0.5344230769230769,0.45424306874897913,0.8237111365733137,0.4988567198820096,0.12609841427087803,0.15758310544353257,CA1|DG|VIS,0.13602870133560668,0.21294117647058824,0.3016666666666667,0.8934782608695652,,
cross_lab_ibl_to_allen,719161530_probeA,4class,amplitude,logreg,permuted,0,96900,5200,0.3333333333333333,0.02154269734821195,0.3333333333333333,0.4423076923076923,0.20444444444444443,1.1301411278889322,0.6617019049021636,0.07430036706238446,0.28889203763734195,CA1|DG|VIS,0.0,0.0,0.0,1.0,,
cross_lab_ibl_to_allen,719161530_probeB,4class,amplitude,logreg,model,0,96900,5400,0.3333333333333333,0.02076286784374165,0.5674555074555075,0.6151851851851852,0.5502270442715592,0.7231149086163274,0.4268205999350812,0.08039380097591617,0.10348673974907642,CA1|DG|VIS,0.23412217412217423,0.34944444444444445,0.35428571428571426,0.9986363636363637,,
cross_lab_ibl_to_allen,719161530_probeB,4class,amplitude,logreg,permuted,0,96900,5400,0.3333333333333333,0.02076286784374165,0.3333333333333333,0.4074074074074074,0.1929824561403509,1.1374972462288642,0.6665403410217058,0.03950732315279942,0.2983076473496676,CA1|DG|VIS,0.0,0.0,0.0,1.0,,
cross_lab_ibl_to_allen,719161530_probeC,4class,amplitude,logreg,model,0,96900,2900,0.5,0.03254617099987719,0.4993181818181818,0.7575862068965518,0.4318003144654088,0.6721256735697717,0.33623746058661663,0.1376430686587726,0.13766689253539352,DG|VIS,-0.0006818181818181723,,0.0,0.9986363636363637,,
cross_lab_ibl_to_allen,719161530_probeC,4class,amplitude,logreg,permuted,0,96900,2900,0.5,0.03254617099987719,0.5,0.7586206896551724,0.43137254901960786,1.039876309639602,0.6043455551609339,0.39193564487658317,0.39193564487658317,DG|VIS,0.0,,0.0,1.0,,
cross_lab_ibl_to_allen,719161530_probeF,4class,amplitude,logreg,model,0,96900,4100,0.3333333333333333,0.029950940277884627,0.6900196078431372,0.6139024390243902,0.4862659846379766,0.6698458319446344,0.44565785146712233,0.19589689017592932,0.18676293471272176,CA1|DG|VIS,0.3566862745098039,0.07705882352941176,1.0,0.993,,
cross_lab_ibl_to_allen,719161530_probeF,4class,amplitude,logreg,permuted,0,96900,4100,0.3333333333333333,0.029950940277884627,0.3333333333333333,0.4878048780487805,0.2185792349726776,1.135725951568235,0.6645929032175268,0.11998506943202408,0.36704699523960305,CA1|DG|VIS,0.0,0.0,0.0,1.0,,
cross_lab_ibl_to_allen,798911424_probeA,4class,amplitude,logreg,model,0,96900,5300,0.3333333333333333,0.022039637339010088,0.5953815789473684,0.6237735849056604,0.5698752181907693,0.7537089663865664,0.44808632365542994,0.08040599512423019,0.08480419645426293,CA1|DG|VIS,0.2620482456140351,0.3178947368421053,0.587,0.88125,,
cross_lab_ibl_to_allen,798911424_probeA,4class,amplitude,logreg,permuted,0,96900,5300,0.3333333333333333,0.022039637339010088,0.3333333333333333,0.4528301886792453,0.20779220779220778,1.132874178911775,0.6630422855010012,0.08461373406940209,0.28065683113552936,CA1|DG|VIS,0.0,0.0,0.0,1.0,,
cross_lab_ibl_to_allen,798911424_probeB,4class,amplitude,logreg,model,0,96900,5700,0.3333333333333333,0.019989599196949003,0.5550059417706477,0.5857894736842105,0.49303611807226105,0.8245841301153897,0.4985949305782638,0.15253140101181667,0.15237182955709225,CA1|DG|VIS,0.22167260843731434,0.09833333333333333,0.5694117647058824,0.9972727272727273,,
cross_lab_ibl_to_allen,798911424_probeB,4class,amplitude,logreg,permuted,0,96900,5700,0.3333333333333333,0.019989599196949003,0.3333333333333333,0.38596491228070173,0.18565400843881855,1.139523082036258,0.6681250651862851,0.01804024382828634,0.31406748421609454,CA1|DG|VIS,0.0,0.0,0.0,1.0,,
cross_lab_ibl_to_allen,798911424_probeC,4class,amplitude,logreg,model,0,96900,3800,0.5,0.024891067019943206,0.6107391304347827,0.6892105263157895,0.6019539435124925,1.102383456650206,0.5087513261668123,0.18974720789383137,0.20733999466348207,DG|VIS,0.11073913043478267,,0.238,0.9834782608695652,,
cross_lab_ibl_to_allen,798911424_probeC,4class,amplitude,logreg,permuted,0,96900,3800,0.5,0.024891067019943206,0.5,0.6052631578947368,0.3770491803278688,1.0633690342302593,0.6202787178054715,0.23838702109152482,0.29166431469326465,DG|VIS,0.0,,0.0,1.0,,
cross_lab_ibl_to_allen,798911424_probeD,4class,amplitude,logreg,model,0,96900,5500,0.3333333333333333,0.026463569540417495,0.36705128205128207,0.48418181818181816,0.271159778886415,1.1429798568347083,0.6658711528300704,0.33042653622042295,0.3399379669344001,CA1|CA3|VIS,0.033717948717948754,0.10115384615384615,,1.0,0.0,
cross_lab_ibl_to_allen,798911424_probeD,4class,amplitude,logreg,permuted,0,96900,5500,0.3333333333333333,0.026463569540417495,0.3333333333333333,0.43636363636363634,0.20253164556962025,1.339152422992943,0.7256076580066797,0.06963554525988758,0.26583539799613887,CA1|CA3|VIS,0.0,0.0,,1.0,0.0,
cross_lab_ibl_to_allen,798911424_probeE,4class,amplitude,logreg,model,0,96900,6200,0.3333333333333333,0.019112158421861567,0.3829202898550725,0.41838709677419356,0.3088096055434532,1.3739580033046546,0.6931579727877067,0.26969561704023837,0.26996791012959004,CA1|CA3|VIS,0.04958695652173917,0.1605,,0.9882608695652174,0.0,
cross_lab_ibl_to_allen,798911424_probeE,4class,amplitude,logreg,permuted,0,96900,6200,0.3333333333333333,0.019112158421861567,0.3333333333333333,0.3709677419354839,0.1803921568627451,1.7649439380482421,0.8373251236266441,0.0035478304116026704,0.3110047259047716,CA1|CA3|VIS,0.0,0.0,,1.0,0.0,
cross_lab_ibl_to_allen,798911424_probeF,4class,amplitude,logreg,model,0,96900,5700,0.25,0.021875,0.35661458333333335,0.4875438596491228,0.2872980096390035,1.1490912536751825,0.6347582240663155,0.250651036391338,0.24853737095689024,CA1|CA3|DG|VIS,0.10661458333333335,0.078125,0.36375,0.9845833333333334,0.0,
cross_lab_ibl_to_allen,798911424_probeF,4class,amplitude,logreg,permuted,0,96900,5700,0.25,0.021875,0.25,0.42105263157894735,0.14814814814814814,1.4507409047634874,0.7477122656158651,0.053576542226588975,0.24959450888323587,CA1|CA3|DG|VIS,0.0,0.0,0.0,1.0,0.0,
cross_lab_ibl_to_allen,719161530_probeA,5class,amplitude,logreg,model,0,96900,5200,0.3333333333333333,0.02154269734821195,0.46936203466894,0.5344230769230769,0.45424306874897913,0.8237111365733137,0.4988567198820096,0.12609841427087803,0.15758310544353257,CA1|DG|VIS,0.13602870133560668,0.21294117647058824,0.3016666666666667,0.8934782608695652,,
cross_lab_ibl_to_allen,719161530_probeA,5class,amplitude,logreg,permuted,0,96900,5200,0.3333333333333333,0.02154269734821195,0.3333333333333333,0.4423076923076923,0.20444444444444443,1.1301411278889322,0.6617019049021636,0.07430036706238446,0.28889203763734195,CA1|DG|VIS,0.0,0.0,0.0,1.0,,
cross_lab_ibl_to_allen,719161530_probeB,5class,amplitude,logreg,model,0,96900,5400,0.3333333333333333,0.02076286784374165,0.5674555074555075,0.6151851851851852,0.5502270442715592,0.7231149086163274,0.4268205999350812,0.08039380097591617,0.10348673974907642,CA1|DG|VIS,0.23412217412217423,0.34944444444444445,0.35428571428571426,0.9986363636363637,,
cross_lab_ibl_to_allen,719161530_probeB,5class,amplitude,logreg,permuted,0,96900,5400,0.3333333333333333,0.02076286784374165,0.3333333333333333,0.4074074074074074,0.1929824561403509,1.1374972462288642,0.6665403410217058,0.03950732315279942,0.2983076473496676,CA1|DG|VIS,0.0,0.0,0.0,1.0,,
cross_lab_ibl_to_allen,719161530_probeC,5class,amplitude,logreg,model,0,96900,2900,0.5,0.03254617099987719,0.4993181818181818,0.7575862068965518,0.4318003144654088,0.6721256735697717,0.33623746058661663,0.1376430686587726,0.13766689253539352,DG|VIS,-0.0006818181818181723,,0.0,0.9986363636363637,,
cross_lab_ibl_to_allen,719161530_probeC,5class,amplitude,logreg,permuted,0,96900,2900,0.5,0.03254617099987719,0.5,0.7586206896551724,0.43137254901960786,1.039876309639602,0.6043455551609339,0.39193564487658317,0.39193564487658317,DG|VIS,0.0,,0.0,1.0,,
cross_lab_ibl_to_allen,719161530_probeF,5class,amplitude,logreg,model,0,96900,4100,0.3333333333333333,0.029950940277884627,0.6900196078431372,0.6139024390243902,0.4862659846379766,0.6698458319446344,0.44565785146712233,0.19589689017592932,0.18676293471272176,CA1|DG|VIS,0.3566862745098039,0.07705882352941176,1.0,0.993,,
cross_lab_ibl_to_allen,719161530_probeF,5class,amplitude,logreg,permuted,0,96900,4100,0.3333333333333333,0.029950940277884627,0.3333333333333333,0.4878048780487805,0.2185792349726776,1.135725951568235,0.6645929032175268,0.11998506943202408,0.36704699523960305,CA1|DG|VIS,0.0,0.0,0.0,1.0,,
cross_lab_ibl_to_allen,798911424_probeA,5class,amplitude,logreg,model,0,96900,5300,0.3333333333333333,0.022039637339010088,0.5953815789473684,0.6237735849056604,0.5698752181907693,0.7537089663865664,0.44808632365542994,0.08040599512423019,0.08480419645426293,CA1|DG|VIS,0.2620482456140351,0.3178947368421053,0.587,0.88125,,
cross_lab_ibl_to_allen,798911424_probeA,5class,amplitude,logreg,permuted,0,96900,5300,0.3333333333333333,0.022039637339010088,0.3333333333333333,0.4528301886792453,0.20779220779220778,1.132874178911775,0.6630422855010012,0.08461373406940209,0.28065683113552936,CA1|DG|VIS,0.0,0.0,0.0,1.0,,
cross_lab_ibl_to_allen,798911424_probeB,5class,amplitude,logreg,model,0,96900,5700,0.3333333333333333,0.019989599196949003,0.5550059417706477,0.5857894736842105,0.49303611807226105,0.8245841301153897,0.4985949305782638,0.15253140101181667,0.15237182955709225,CA1|DG|VIS,0.22167260843731434,0.09833333333333333,0.5694117647058824,0.9972727272727273,,
cross_lab_ibl_to_allen,798911424_probeB,5class,amplitude,logreg,permuted,0,96900,5700,0.3333333333333333,0.019989599196949003,0.3333333333333333,0.38596491228070173,0.18565400843881855,1.139523082036258,0.6681250651862851,0.01804024382828634,0.31406748421609454,CA1|DG|VIS,0.0,0.0,0.0,1.0,,
cross_lab_ibl_to_allen,798911424_probeC,5class,amplitude,logreg,model,0,96900,3800,0.5,0.024891067019943206,0.6107391304347827,0.6892105263157895,0.6019539435124925,1.102383456650206,0.5087513261668123,0.18974720789383137,0.20733999466348207,DG|VIS,0.11073913043478267,,0.238,0.9834782608695652,,
cross_lab_ibl_to_allen,798911424_probeC,5class,amplitude,logreg,permuted,0,96900,3800,0.5,0.024891067019943206,0.5,0.6052631578947368,0.3770491803278688,1.0633690342302593,0.6202787178054715,0.23838702109152482,0.29166431469326465,DG|VIS,0.0,,0.0,1.0,,
cross_lab_ibl_to_allen,798911424_probeD,5class,amplitude,logreg,model,0,96900,5700,0.25,0.03312182495668888,0.27528846153846154,0.4671929824561403,0.19935507447057363,2.072384813294141,0.6960355982096157,0.3420885125256003,0.35118353535753705,CA1|CA2|CA3|VIS,0.025288461538461537,0.10115384615384615,,1.0,0.0,0.0
cross_lab_ibl_to_allen,798911424_probeD,5class,amplitude,logreg,permuted,0,96900,5700,0.25,0.03312182495668888,0.25,0.42105263157894735,0.14814814814814814,2.261674131516999,0.7462020117935881,0.05429806679641236,0.2633973892625612,CA1|CA2|CA3|VIS,0.0,0.0,,1.0,0.0,0.0
cross_lab_ibl_to_allen,798911424_probeE,5class,amplitude,logreg,model,0,96900,6400,0.25,0.030142859224741154,0.28719021739130435,0.4053125,0.2316072041575899,2.1944912255741515,0.7179714819437879,0.28002606845023503,0.2794857748443522,CA1|CA2|CA3|VIS,0.03719021739130435,0.1605,,0.9882608695652174,0.0,0.0
cross_lab_ibl_to_allen,798911424_probeE,5class,amplitude,logreg,permuted,0,96900,6400,0.25,0.030142859224741154,0.25,0.359375,0.13218390804597702,2.5732588498570017,0.8521624344496661,0.008111128081191687,0.31115251209684236,CA1|CA2|CA3|VIS,0.0,0.0,,1.0,0.0,0.0
cross_lab_ibl_to_allen,798911424_probeF,5class,amplitude,logreg,model,0,96900,5700,0.25,0.021875,0.35661458333333335,0.4875438596491228,0.2872980096390035,1.1490912536751825,0.6347582240663155,0.250651036391338,0.24853737095689024,CA1|CA3|DG|VIS,0.10661458333333335,0.078125,0.36375,0.9845833333333334,0.0,
cross_lab_ibl_to_allen,798911424_probeF,5class,amplitude,logreg,permuted,0,96900,5700,0.25,0.021875,0.25,0.42105263157894735,0.14814814814814814,1.4507409047634874,0.7477122656158651,0.053576542226588975,0.24959450888323587,CA1|CA3|DG|VIS,0.0,0.0,0.0,1.0,0.0,
